,magnitude,time,latitude,longitude,depth
0,5.1,1684436331137.0,34.9922,24.8491,10.789
1,5.1,1682539234403.0,36.4294,26.3125,112.195
2,5.6,1679627816125.0,38.4614,44.8505,11.0
3,5.3,1679563193459.0,38.0109,36.4273,10.0
4,5.1,1678991571492.0,35.3022,46.0259,10.0
5,5.2,1678967234816.0,38.5027,45.0678,10.0
6,5.4,1678811759096.0,35.5167,22.179,10.0
7,5.0,1677812023065.0,37.8395,36.7004,7.12
8,5.2,1677488691865.0,38.2144,38.2773,10.0
9,5.2,1677320830918.0,37.9797,33.9876,11.752
10,5.5,1676912855934.0,36.159,35.9351,10.0
11,6.3,1676912669747.0,36.1616,36.0251,16.0
12,5.0,1676748691742.0,38.0696,36.5991,12.158
13,5.2,1676576869683.0,36.1766,35.7967,10.0
14,5.0,1676219389826.0,38.824,38.031,10.0
15,5.1,1675866024960.0,37.9963,37.4325,5.398
16,5.4,1675854712969.0,37.9389,37.6611,9.559
17,5.0,1675842511978.0,38.0061,36.4959,10.0
18,5.3,1675793399860.0,37.9358,36.6013,17.857
19,5.0,1675784934123.0,37.9939,36.4771,11.132
20,5.3,1675765094589.0,38.0164,38.57,12.988
21,5.4,1675753875008.0,38.0971,38.6398,9.063
22,5.5,1675739592754.0,37.7639,37.7309,10.0
23,5.3,1675715871879.0,37.2507,37.0859,10.0
24,5.2,1675706633807.0,37.9781,36.4456,10.0
25,5.0,1675701808541.0,38.0007,36.5078,10.0
26,5.4,1675697612721.0,38.19,38.1756,7.43
27,5.0,1675691091298.0,37.9405,37.4916,16.865
28,5.3,1675690764254.0,38.0166,37.7013,10.0
29,5.0,1675688865076.0,38.0384,37.371,16.904
30,6.0,1675684931275.0,38.0582,36.5114,8.516
31,5.1,1675681535084.0,38.0752,36.7588,5.968
32,5.7,1675680690994.0,38.248,38.1847,10.0
33,5.8,1675679758161.0,38.0249,37.8023,10.0
34,5.4,1675679528932.0,37.9962,37.2033,14.057
35,6.0,1675679206742.0,38.0315,38.0984,10.0
36,7.5,1675679088811.0,38.0106,37.1962,7.432
37,5.0,1675657126986.0,38.1845,38.5342,16.416
38,5.3,1675650194336.0,37.1816,36.9658,11.359
39,5.0,1675649183457.0,37.9227,38.0613,10.0
40,5.3,1675649017341.0,37.7712,37.9141,16.929
41,5.1,1675648703118.0,37.0302,36.6208,10.0
42,5.6,1675647387357.0,36.9921,36.6832,10.0
43,6.7,1675646895784.0,37.1893,36.8929,9.797
44,5.7,1675646810869.0,37.2252,37.0001,10.0
45,7.8,1675646254342.0,37.2256,37.0143,10.0
46,5.1,1674929816220.0,38.4811,44.9282,10.0
47,5.9,1674929685855.0,38.4199,44.9097,16.0
48,5.9,1674650225134.0,35.7086,28.4965,29.59
49,5.7,1674036494166.0,38.4334,44.9458,19.102
50,5.0,1672230260725.0,38.5814,23.7093,10.314
51,5.5,1670481735112.0,42.236,46.9267,61.331
52,6.1,1669165695435.0,40.8356,30.9831,10.0
53,5.5,1668986698462.0,35.8357,26.4319,63.0
54,5.0,1665503326359.0,37.2612,36.2339,10.0
55,5.3,1665266548782.0,38.3392,22.5785,19.78
56,5.6,1664929289702.0,38.5064,45.0259,15.0
57,5.4,1664683441171.0,34.2663,26.1135,10.0
58,5.3,1664287712729.0,40.7188,42.8876,10.0
59,5.1,1663783074724.0,38.4613,44.9496,10.0
60,5.3,1662178390932.0,35.0971,26.3465,8.819
61,5.4,1661940611426.0,37.5527,26.8515,10.926
62,5.0,1660447462958.0,37.9952,27.1512,11.697
63,5.2,1655058920871.0,38.7366,43.5068,10.0
64,5.0,1654825221404.0,34.8354,33.8695,47.15
65,5.3,1649512935496.0,38.1155,38.6617,10.0
66,5.3,1644776756058.0,41.1598,44.01,10.0
67,5.3,1643835828327.0,35.0634,31.8203,26.39
68,5.5,1642333685261.0,40.0413,24.361,7.0
69,6.6,1641863268064.0,35.2267,31.9435,21.0
70,5.1,1641352876251.0,36.1445,31.2928,42.99
71,5.0,1640796428107.0,34.713,25.1184,64.93
72,5.7,1640754489950.0,34.8334,25.1386,64.53
73,5.6,1640545142711.0,35.1923,26.9659,10.0
74,5.1,1640531711703.0,35.1452,26.8939,10.0
75,5.0,1639804599702.0,36.0912,23.2437,63.5
76,5.0,1639556469794.0,32.3102,49.693,10.0
77,5.1,1638244840529.0,37.7371,26.0792,10.0
78,5.0,1637412366106.0,40.7299,48.7112,10.0
79,5.1,1637325653461.0,39.8267,41.9223,6.17
80,5.1,1636393401856.0,37.8434,32.1713,10.0
81,5.9,1634621552741.0,34.576,28.3953,43.86
82,6.4,1634030645099.0,35.1691,26.2152,20.0
83,5.1,1633734986479.0,32.3379,49.7282,10.0
84,5.5,1633315168323.0,32.335,49.7618,13.0
85,5.3,1632804488650.0,35.0817,25.2018,10.0
86,6.0,1632723441478.0,35.244,25.2697,6.0
87,5.1,1630407866926.0,39.0422,30.1894,10.0
88,5.0,1628300385606.0,36.2724,27.0356,18.4
89,5.2,1627994297754.0,36.3902,27.0435,10.0
90,5.6,1627792286956.0,36.3958,27.0112,10.13
91,5.4,1626618859281.0,29.7049,51.1282,9.0
92,5.0,1626174712152.0,29.8693,50.8679,10.0
93,5.4,1624645717298.0,39.1868,40.1667,3.07
94,5.5,1624313653556.0,36.4391,27.0416,9.03
95,5.3,1622955263713.0,33.4017,46.1288,10.0
96,5.0,1621597937285.0,29.7548,50.5448,10.0
97,5.8,1618728109595.0,29.7531,50.6784,8.0
98,5.0,1618679280786.0,36.4064,27.096,9.98
99,5.3,1618345682233.0,36.5325,27.0593,5.7
100,5.2,1617721945757.0,35.6618,45.9925,10.0
101,5.6,1615553870879.0,39.8931,22.0875,7.0
102,5.5,1614885831987.0,39.8812,21.9795,10.0
103,5.8,1614883099386.0,39.7865,22.1157,10.0
104,5.1,1614795849041.0,39.7227,22.1153,14.74
105,5.3,1614771946390.0,39.7259,22.2212,10.0
106,5.0,1614767648332.0,39.7231,22.211,10.0
107,6.3,1614766569755.0,39.7546,22.1757,8.0
108,5.5,1613532967058.0,38.4057,22.019,5.29
109,5.2,1612539371039.0,40.5023,45.3486,12.83
110,5.2,1612168518153.0,39.0217,26.0784,10.0
111,5.0,1611239226745.0,35.0489,33.7163,62.88
112,5.2,1610489397263.0,38.4129,22.0649,10.0
113,5.1,1609549551643.0,42.0975,48.0137,10.0
114,5.5,1609051052897.0,38.4563,39.2302,9.0
115,5.3,1607172280454.0,36.0719,31.8808,84.52
116,5.0,1606974319821.0,37.9458,41.697,10.0
117,5.3,1604070895887.0,37.8319,26.8222,10.0
118,7.0,1604058687348.0,37.8973,26.7838,21.0
119,5.0,1603539257923.0,35.7462,48.9355,10.0
120,5.2,1602475887566.0,35.6445,26.2467,10.0
121,5.1,1602462639934.0,35.5856,26.2443,10.0
122,5.0,1601550338322.0,36.7385,26.7488,154.43
123,5.4,1601160625082.0,39.9847,24.3349,10.38
124,5.1,1600628887568.0,38.0178,34.0419,10.0
125,5.9,1600446497575.0,35.0368,25.3034,44.0
126,5.0,1597649222373.0,36.8978,23.77,95.34
127,5.0,1596964579840.0,34.2257,45.5918,10.0
128,5.6,1596533857015.0,38.1878,38.698,10.0
129,5.4,1593366208644.0,36.7481,28.2482,63.0
130,5.2,1593156072533.0,38.7898,27.7934,10.0
131,5.4,1593079410648.0,38.5329,43.9407,10.0
132,5.1,1592552601049.0,34.2871,25.5222,10.0
133,5.5,1592203891776.0,39.4226,40.7479,10.0
134,5.9,1592144669501.0,39.4229,40.7073,10.0
135,5.1,1591380381607.0,38.2379,38.7587,10.0
136,5.4,1591175009381.0,34.3323,25.8927,10.0
137,5.0,1591172213519.0,33.4162,46.1104,10.0
138,5.1,1590541792824.0,34.2263,25.6224,10.0
139,5.3,1590274212589.0,34.2955,25.5138,14.41
140,5.1,1590118830610.0,34.4832,25.8869,10.0
141,5.7,1589844155162.0,34.1855,25.5173,10.0
142,5.0,1589802487371.0,34.1328,25.5231,10.0
143,5.2,1589775497970.0,34.1648,25.6205,10.0
144,5.3,1588437866565.0,34.118,25.6064,10.0
145,5.3,1588426429621.0,34.1503,25.4585,10.0
146,6.5,1588423865561.0,34.1818,25.7101,10.0
147,5.2,1584640413384.0,38.3915,39.0729,10.0
148,5.0,1582671817816.0,38.3489,38.7972,10.0
149,6.0,1582473631626.0,38.4958,44.3732,10.0
150,5.8,1582437181055.0,38.4465,44.4168,10.0
151,5.7,1580383296743.0,35.1817,27.7814,10.0
152,5.5,1580347685202.0,35.1565,27.8845,10.0
153,5.5,1580225914436.0,35.2183,27.8918,10.0
154,5.0,1580210775000.0,39.1061,27.875,10.0
155,5.1,1579969811109.0,38.3615,39.1096,10.0
156,6.7,1579888514147.0,38.4312,39.0609,10.0
157,5.6,1579720936298.0,39.0724,27.8389,5.6
158,5.4,1576015108855.0,35.4972,26.4467,57.87
159,5.0,1575048013576.0,31.9436,49.8143,10.0
160,6.0,1574839422383.0,35.7174,23.2284,69.0
161,5.9,1573166827041.0,37.8026,47.5814,20.0
162,5.0,1570287097881.0,35.9894,27.978,76.05
163,5.1,1570077896550.0,36.2765,28.5721,17.77
164,5.7,1569495565648.0,40.9035,28.1502,8.0
165,5.0,1565506969770.0,34.3087,25.0038,10.0
166,5.9,1565263531104.0,37.935,29.7003,11.0
167,5.4,1564948276008.0,30.5857,50.8453,7.72
168,5.1,1564825884191.0,35.2241,27.845,10.0
169,5.3,1563534795693.0,38.0951,23.5251,10.0
170,5.6,1562569232441.0,31.7564,49.5611,19.0
171,5.2,1557570539929.0,34.9557,45.7333,10.0
172,5.2,1554399070169.0,38.3002,39.1625,10.0
173,5.3,1554113243671.0,33.5495,45.7739,10.0
174,5.1,1554031817785.0,37.5063,29.3787,10.0
175,5.3,1553942779174.0,38.3657,22.3935,10.0
176,5.7,1553063667835.0,37.4078,29.531,8.0
177,5.1,1550687009480.0,39.6916,26.4007,10.0
178,5.0,1549395096261.0,40.8961,48.6067,10.0
179,5.1,1548340254040.0,36.0652,28.0928,47.7
180,5.0,1547144681280.0,34.5801,26.6262,36.37
181,5.6,1546782119060.0,34.1248,45.6794,14.0
182,5.0,1543186846470.0,34.238,45.6438,10.0
183,5.2,1543165776010.0,34.4157,45.7209,10.0
184,6.3,1543163852830.0,34.3609,45.7443,18.0
185,5.0,1541467039800.0,42.533,43.5963,10.0
186,5.3,1536733308440.0,36.185,31.0563,50.02
187,5.1,1536620576060.0,37.2304,30.6131,108.14
188,5.3,1535749544360.0,34.6512,46.0736,10.0
189,5.0,1535461033940.0,38.8209,48.8124,10.0
190,6.0,1535235205620.0,34.6111,46.2422,10.0
191,5.1,1534692134240.0,37.2897,36.364,10.0
192,5.8,1532254047220.0,34.5909,46.1661,12.0
193,5.3,1528224030020.0,41.5263,46.7857,22.65
194,5.0,1526509803120.0,36.5121,22.9324,10.44
195,5.2,1524530071180.0,37.5963,38.5142,10.0
196,5.0,1522571726410.0,34.4028,45.7476,10.0
197,5.1,1521487942850.0,30.685,50.3867,10.0
198,5.0,1521433847610.0,29.6212,50.7361,10.0
199,5.0,1516400275880.0,33.7156,45.7137,10.0
200,5.3,1515657639860.0,33.7205,45.7027,10.0
201,5.1,1515657300430.0,33.711,45.7897,10.0
202,5.2,1515655303600.0,33.2164,46.42,10.0
203,5.3,1515654855990.0,33.8017,45.7299,10.0
204,5.3,1515654052390.0,33.8578,45.7935,10.0
205,5.5,1515653970470.0,33.7131,45.7239,10.0
206,5.0,1515252129120.0,34.5849,45.7696,10.0
207,5.4,1513001397360.0,35.0786,45.7614,17.55
208,5.2,1511560155170.0,37.0845,28.6223,5.17
209,5.1,1511382173540.0,37.0511,28.6427,10.0
210,5.1,1511191422720.0,32.8531,46.3892,35.0
211,5.2,1510775283560.0,40.3082,47.3317,22.13
212,5.3,1510511392130.0,34.9224,45.5873,10.0
213,7.3,1510510697180.0,34.9109,45.9592,19.0
214,5.1,1507762184820.0,39.1647,24.2379,11.54
215,5.2,1503875692810.0,37.9475,47.1318,17.29
216,5.1,1503495773880.0,36.1833,44.9358,8.0
217,5.3,1502178142230.0,36.9645,27.5711,10.0
218,5.3,1501536554690.0,34.5158,24.0577,39.02
219,5.0,1501429060130.0,31.8161,50.597,10.0
220,5.0,1500656985290.0,36.9074,27.3012,10.0
221,6.6,1500589871260.0,36.9293,27.4139,7.0
222,5.3,1500150617110.0,34.925,25.4294,9.93
223,5.2,1497729004790.0,38.8864,26.4186,7.74
224,6.3,1497270519150.0,38.9296,26.365,12.0
225,5.1,1495900404250.0,38.7729,27.8234,10.0
226,5.1,1494525482740.0,40.0382,40.7422,13.43
227,5.1,1494473061370.0,39.8156,48.5695,62.93
228,5.2,1493801617190.0,42.175,46.9611,10.0
229,5.0,1492780162060.0,38.7709,29.0638,10.0
230,5.0,1492100536250.0,37.1253,28.6913,10.0
231,5.6,1488452846880.0,37.616,38.4305,10.0
232,5.3,1486907296090.0,39.6004,26.0884,6.01
233,5.3,1486434244150.0,39.5279,26.0993,8.38
234,5.2,1486378682270.0,39.5734,26.0755,7.21
235,5.3,1486353100640.0,39.5986,26.0647,10.0
236,5.2,1485370251790.0,35.3583,26.4196,56.63
237,5.4,1482213824240.0,36.5393,26.9187,129.94
238,5.1,1476519512870.0,42.2088,30.7242,6.4
239,5.1,1475009828120.0,36.3888,27.6141,85.2
240,5.0,1470026794530.0,39.9542,47.976,16.0
241,5.2,1469899582250.0,35.2905,22.9493,23.39
242,5.3,1464165373730.0,34.9521,26.2106,10.0
243,5.0,1463363159740.0,28.6516,34.6194,10.0
244,5.0,1460765441290.0,34.9371,25.7577,10.0
245,5.1,1459644375800.0,34.19,25.73,9.0
246,5.0,1452447649510.0,39.5649,34.3373,10.0
247,5.2,1451127652980.0,35.5164,27.3862,36.79
248,5.4,1449098829890.0,39.2826,40.2553,10.0
249,5.4,1448486238500.0,31.892,49.54,12.0
250,5.1,1444401555000.0,40.6847,36.6897,5.0
251,5.2,1444166853000.0,36.1682,29.8952,22.4
252,5.4,1441342178520.0,40.9329,47.5328,13.96
253,5.0,1439932784530.0,35.6473,31.2871,47.26
254,5.1,1437731918280.0,36.703,26.8098,140.62
255,5.5,1435419243960.0,29.0402,34.6672,22.0
256,5.0,1434829963900.0,34.3082,26.2262,15.25
257,5.4,1433886586700.0,35.04,26.79,16.0
258,5.3,1433812143000.0,38.62,23.39,13.0
259,5.0,1430555026300.0,34.45,25.78,13.0
260,5.3,1429236340330.0,35.0337,26.7848,15.38
261,5.0,1429210932040.0,35.0647,26.8768,10.0
262,6.0,1429207663610.0,35.1891,26.8235,20.0
263,5.3,1429086311630.0,34.8078,32.3311,10.0
264,5.2,1427499294300.0,35.7086,26.6225,66.96
265,5.1,1422460479020.0,34.4562,25.0882,37.0
266,5.0,1422243015230.0,41.2918,48.8748,50.12
267,5.2,1418417140930.0,30.4132,50.4977,12.58
268,5.1,1417830306760.0,38.894,26.272,12.4
269,5.1,1416265744450.0,38.6802,23.3105,10.0
270,5.4,1416265558440.0,38.6709,23.3782,23.29
271,5.7,1413380152840.0,32.5273,47.8065,10.0
272,5.1,1412374845530.0,34.4354,26.3013,15.49
273,5.3,1411954688090.0,41.1965,48.1004,13.23
274,5.3,1409864404300.0,36.21,30.82,46.0
275,5.0,1409496274110.0,33.6233,45.8027,10.0
276,5.8,1409283907500.0,36.685,23.706,80.0
277,5.1,1408909410750.0,37.683,30.6288,7.4
278,5.2,1408848292100.0,32.682,47.792,19.4
279,5.1,1408824318700.0,32.716,47.774,19.6
280,5.1,1408737964240.0,33.7003,45.7728,17.1
281,5.2,1408681674000.0,39.935,23.431,13.5
282,5.6,1408529655700.0,32.636,47.736,17.7
283,5.4,1408483936400.0,32.74,47.525,7.8
284,5.1,1408385345550.0,32.5365,47.7673,10.0
285,6.0,1408385302750.0,32.5827,47.7037,5.0
286,5.4,1408362695000.0,32.78,47.68,10.0
287,5.2,1408360984200.0,32.7,47.62,15.0
288,5.6,1408339551000.0,32.72,47.69,12.0
289,6.2,1408329125350.0,32.703,47.695,10.2
290,5.0,1408286840300.0,32.7,47.64,16.0
291,5.0,1404062772250.0,41.6028,46.6653,33.59
292,5.0,1403304859540.0,29.872,50.897,10.0
293,5.0,1402458820640.0,34.7176,28.5028,75.19
294,5.1,1401624351900.0,34.7337,24.6177,30.6
295,6.9,1400923502440.0,40.2893,25.3889,6.43
296,5.0,1400669487700.0,29.631,50.859,15.1
297,5.2,1400665588280.0,29.5653,50.8946,11.0
298,5.0,1397508083340.0,34.0995,25.866,12.3
299,5.6,1396642086970.0,37.2833,23.8711,107.0
300,5.4,1392034007290.0,40.288,48.8033,64.66
301,5.9,1388244064090.0,36.028,31.31,40.7
302,5.8,1385646694000.0,29.32,51.31,8.0
303,5.1,1385326178670.0,40.8205,31.8691,5.99
304,5.4,1385316341670.0,34.1765,45.6171,14.0
305,5.0,1385316193030.0,34.1438,45.6274,10.78
306,5.2,1385249180600.0,34.2291,45.6639,10.06
307,5.8,1385145058010.0,34.3083,45.6105,14.0
308,5.6,1385103085060.0,34.4574,45.4824,6.0
309,6.6,1381583513350.0,35.5142,23.2523,40.0
310,5.0,1379450451140.0,39.0234,41.4924,5.33
311,5.3,1379390953300.0,42.1462,45.8117,5.0
312,5.3,1379343674390.0,38.7062,22.729,7.7
313,5.3,1375866412200.0,38.6885,22.6952,0.1
314,5.1,1371418995210.0,34.326,24.998,10.0
315,6.0,1371418745780.0,34.347,25.159,19.0
316,6.2,1371312662500.0,34.4,25.02,10.0
317,5.1,1369699792520.0,43.252,41.662,4.8
318,5.0,1365478587510.0,36.488,23.032,18.9
319,5.3,1365247567360.0,34.804,24.087,34.1
320,5.1,1364340924540.0,43.219,41.637,10.0
321,5.0,1359115887920.0,31.769,50.913,37.7
322,5.4,1357961104370.0,31.828,50.954,4.1
323,5.7,1357654568980.0,39.656,25.54,12.8
324,5.2,1356475473510.0,42.436,40.974,10.0
325,5.7,1356269500760.0,42.42,41.075,15.2
326,5.2,1356244737450.0,38.458,44.868,12.4
327,5.0,1353951341800.0,36.655,27.993,0.0
328,5.4,1352269592840.0,38.418,46.62,10.0
329,5.1,1350617711550.0,32.552,30.978,13.4
330,5.5,1350209618600.0,41.825,46.405,10.0
331,5.4,1349610167160.0,40.747,48.437,17.4
332,5.0,1348285946100.0,38.1,22.77,10.0
333,5.0,1348217260090.0,35.3,22.63,16.0
334,5.5,1347420466310.0,34.783,24.11,32.4
335,5.3,1345052944600.0,38.41,46.672,4.0
336,5.1,1344952945000.0,38.45,46.79,6.0
337,5.1,1344723842000.0,38.482,46.759,4.0
338,5.0,1344699799200.0,38.436,46.735,9.7
339,6.2,1344688475900.0,38.389,46.745,12.0
340,5.0,1344688212000.0,38.44,46.78,4.0
341,6.4,1344687798190.0,38.329,46.826,11.0
342,5.0,1344199043800.0,37.421,42.965,17.5
343,5.2,1343112606020.0,31.705,50.961,10.0
344,5.0,1342949162990.0,37.546,36.384,7.6
345,5.6,1341842100580.0,35.604,28.919,55.8
346,5.0,1341110986000.0,31.841,51.02,6.6
347,5.0,1340629528000.0,36.439,28.941,26.4
348,5.3,1339653173610.0,37.294,42.325,5.4
349,6.0,1339332256590.0,36.42,28.88,35.0
350,5.0,1339172114800.0,29.784,50.705,14.6
351,5.6,1337644832770.0,42.645,22.968,10.0
352,5.1,1337352442400.0,41.439,46.789,18.1
353,5.4,1336762109580.0,34.304,34.142,16.6
354,5.3,1336400114450.0,41.553,46.719,11.9
355,5.6,1336365627790.0,41.549,46.789,11.0
356,5.2,1336058425670.0,39.175,29.092,3.1
357,5.2,1336039775640.0,32.747,47.726,10.0
358,5.0,1334985908410.0,32.407,47.049,10.0
359,5.0,1334891141780.0,32.453,46.99,10.0
360,5.1,1334884867540.0,32.511,47.023,10.0
361,5.1,1334774577960.0,32.506,47.004,10.0
362,5.0,1332758132640.0,39.171,42.33,5.0
363,5.1,1331230898500.0,32.874,46.957,18.0
364,5.2,1330831868400.0,40.134,24.059,2.5
365,5.2,1329183278700.0,40.13,24.09,24.0
366,5.3,1327628004000.0,36.044,25.064,5.2
367,5.2,1327551898300.0,36.06,25.07,29.0
368,5.4,1322614041760.0,38.474,43.454,4.3
369,5.5,1322050671280.0,34.285,25.083,10.0
370,5.2,1321308495410.0,38.658,43.17,10.0
371,5.6,1320866613240.0,38.429,43.229,5.0
372,5.2,1320789951020.0,38.718,43.191,10.0
373,5.1,1319927061900.0,38.89,43.56,5.0
374,5.1,1319702662420.0,37.256,43.86,10.0
375,5.6,1319554508240.0,38.811,43.623,14.0
376,5.0,1319470086790.0,38.674,43.198,10.6
377,5.9,1319402734860.0,38.634,43.077,5.0
378,5.1,1319393445160.0,38.71,43.338,5.0
379,5.7,1319369561220.0,38.809,43.3,5.0
380,5.0,1319368247050.0,38.325,42.607,10.0
381,5.2,1319367629140.0,38.603,43.101,10.0
382,5.6,1319367409000.0,38.814,43.446,5.0
383,5.6,1319366897420.0,38.751,43.595,9.0
384,7.1,1319366483250.0,38.721,43.508,18.0
385,5.3,1317125302900.0,34.52,23.78,28.0
386,5.5,1316661756070.0,39.785,38.842,5.0
387,5.0,1315971327590.0,37.19,22.05,10.0
388,5.2,1315930771890.0,34.409,23.722,41.2
389,5.1,1311616640610.0,40.802,27.752,16.4
390,5.2,1308814482740.0,38.578,39.64,6.1
391,5.2,1305837543330.0,34.377,23.723,26.0
392,5.8,1305836122940.0,39.149,29.103,7.0
393,5.1,1304837424300.0,36.704,27.238,11.0
394,6.0,1301664550690.0,35.662,26.56,59.9
395,5.3,1299324283740.0,30.019,51.156,10.0
396,5.7,1298879347000.0,34.98,25.42,53.0
397,5.2,1295428669750.0,41.961,42.657,10.0
398,5.0,1289506080870.0,37.899,27.343,11.8
399,5.3,1288752687000.0,40.423,26.333,15.3
400,5.1,1286651089840.0,38.169,22.744,10.8
401,5.3,1286119257810.0,34.927,26.541,10.0
402,5.0,1279306390450.0,39.34,23.992,9.1
403,5.1,1279267861900.0,36.81,26.91,165.0
404,5.4,1272121272600.0,34.45,26.01,34.5
405,5.1,1269439891000.0,38.821,40.138,4.5
406,5.1,1268046730790.0,38.776,40.143,5.0
407,5.2,1268043263480.0,38.828,40.119,5.0
408,5.6,1268034461960.0,38.709,40.051,10.0
409,6.1,1268015554710.0,38.864,39.986,12.0
410,5.2,1266920756850.0,32.508,48.29,35.0
411,5.5,1265925391510.0,34.0,25.393,14.0
412,5.4,1264121216700.0,38.422,22.043,5.0
413,5.0,1263673417000.0,32.45,48.3,5.0
414,5.3,1261461983430.0,35.72,31.511,63.5
415,5.1,1254693052300.0,31.874,49.492,9.4
416,6.0,1252363297360.0,42.66,43.443,15.0
417,5.0,1249458543240.0,43.447,28.692,10.0
418,5.0,1248939471720.0,39.588,39.726,10.0
419,5.1,1247949149990.0,35.888,43.353,25.8
420,6.4,1246440610410.0,34.164,25.471,19.0
421,5.1,1245486499000.0,37.68,26.86,12.0
422,5.8,1245420299030.0,35.358,28.453,28.0
423,5.0,1245299174700.0,35.377,28.413,39.5
424,5.0,1245212952000.0,36.047,36.02,10.4
425,5.3,1243181870800.0,41.303,22.714,0.1
426,5.2,1234848499000.0,39.107,29.039,7.3
427,5.3,1231827162900.0,35.66,26.39,42.0
428,5.2,1230505139000.0,40.39,25.78,35.0
429,5.2,1229156839200.0,38.72,22.57,24.0
430,5.0,1228126720100.0,35.299,46.544,27.6
431,5.1,1226498598310.0,38.841,35.524,10.0
432,5.2,1223949994700.0,38.85,23.62,24.0
433,5.3,1223716921210.0,43.337,46.192,10.0
434,5.8,1223715970770.0,43.372,46.254,16.0
435,5.1,1220481793000.0,32.3,47.2,8.0
436,5.0,1220408567000.0,37.507,38.503,5.7
437,5.0,1220385650820.0,38.724,45.794,3.0
438,5.8,1219873958110.0,32.308,47.35,10.0
439,5.3,1217878705300.0,34.098,26.576,30.5
440,5.3,1217723956860.0,39.608,23.849,10.0
441,6.4,1216092394700.0,35.8,27.86,52.0
442,5.1,1213754322900.0,37.67,22.78,83.0
443,5.1,1213230045600.0,35.11,26.19,29.0
444,5.4,1210452784200.0,36.3,22.24,57.0
445,5.0,1209098934000.0,37.819,29.256,5.0
446,5.6,1206663379900.0,34.758,25.345,45.0
447,5.1,1203071779090.0,33.327,35.305,10.0
448,6.2,1199596460180.0,37.216,22.693,75.0
449,5.6,1198712830770.0,39.446,33.162,8.3
450,5.7,1198144109950.0,39.417,33.212,10.0
451,5.1,1195204103000.0,37.021,29.257,5.3
452,5.2,1194572584200.0,38.733,25.724,9.0
453,5.3,1193649794000.0,37.033,29.233,5.0
454,5.3,1190508869600.0,35.27,27.12,24.0
455,5.2,1188593563430.0,36.655,26.272,25.1
456,5.3,1188079549600.0,39.282,41.124,10.0
457,5.2,1184136674320.0,38.751,48.598,25.6
458,5.5,1182176988290.0,34.437,50.833,5.0
459,5.0,1179765548670.0,35.117,27.808,10.0
460,5.1,1176242434240.0,38.005,30.923,5.8
461,5.7,1172055928630.0,38.318,39.275,6.0
462,5.5,1170987775000.0,38.39,39.043,2.6
463,5.4,1170510203080.0,35.806,22.432,59.1
464,5.2,1169365137000.0,39.592,42.863,3.1
465,5.1,1166725852900.0,39.32,23.6,23.0
466,5.0,1161698421670.0,40.424,29.107,9.3
467,5.1,1156238601200.0,35.24,27.12,31.0
468,5.3,1155465312700.0,34.42,26.566,32.5
469,5.0,1151869179000.0,39.274,40.96,3.0
470,5.3,1144625239810.0,35.168,27.244,32.6
471,5.1,1143806042280.0,33.723,48.668,10.0
472,6.1,1143767820960.0,33.5,48.78,7.0
473,5.1,1143747377260.0,33.56,48.751,10.0
474,5.0,1143669915190.0,35.252,35.427,27.3
475,5.3,1139198883070.0,42.653,43.525,17.0
476,6.7,1136720095640.0,36.311,23.212,66.0
477,5.0,1135638950000.0,32.1,49.2,18.0
478,5.4,1134173390230.0,39.394,40.946,10.0
479,5.1,1133020615000.0,38.26,38.814,8.5
480,5.2,1132911056900.0,35.02,23.32,32.0
481,5.0,1129851143190.0,31.693,50.485,43.6
482,5.9,1129844404090.0,38.152,26.751,10.0
483,5.2,1129542930000.0,38.143,26.615,20.7
484,5.8,1129542413900.0,38.2,26.5,10.4
485,5.5,1129527916000.0,38.131,26.505,8.1
486,5.2,1127761024000.0,37.3,47.8,14.0
487,5.1,1125646945640.0,34.013,25.878,15.1
488,5.0,1123152330420.0,34.887,26.497,9.0
489,5.2,1122759900000.0,39.437,33.089,5.0
490,5.6,1118043688700.0,39.22,41.08,10.0
491,5.1,1116114410530.0,35.687,31.582,69.2
492,5.7,1111614293020.0,39.431,40.925,10.0
493,5.8,1110765355600.0,39.354,40.89,5.0
494,5.6,1110612972180.0,39.44,40.978,11.1
495,5.3,1107102228430.0,35.806,29.63,10.0
496,5.9,1106671456130.0,37.622,43.703,41.2
497,5.0,1106653160910.0,33.388,45.872,45.2
498,5.8,1106519765530.0,35.796,29.641,10.0
499,5.1,1105418160970.0,36.917,27.867,34.9
500,5.0,1105401025680.0,37.018,27.919,10.0
501,5.5,1105400930020.0,37.017,27.804,15.9
502,5.4,1103583732410.0,37.042,28.206,5.0
503,5.0,1101096090440.0,33.297,47.977,36.2
504,5.2,1101073044230.0,33.301,47.983,30.1
505,5.3,1099549359400.0,35.945,23.115,74.4
506,5.5,1097111112890.0,36.429,26.796,128.9
507,5.7,1092239306820.0,38.377,39.261,7.4
508,5.3,1091629130160.0,36.832,27.827,10.0
509,5.2,1091593188370.0,36.843,27.85,10.0
510,5.6,1091588467570.0,36.833,27.815,10.0
511,5.2,1091538690300.0,37.02,27.72,2.0
512,5.1,1088721009320.0,39.766,43.979,5.0
513,5.2,1087300957760.0,40.439,25.871,12.0
514,5.6,1080445870050.0,39.847,40.874,5.0
515,5.6,1080243049040.0,39.93,40.812,10.0
516,6.1,1079500860800.0,34.589,23.326,24.5
517,5.1,1078213903020.0,28.912,51.197,10.4
518,5.6,1078101358050.0,37.136,22.116,9.4
519,5.3,1076487303830.0,31.675,35.551,26.7
520,5.1,1076188644200.0,36.04,26.91,25.0
521,5.0,1071160097350.0,31.953,49.209,33.0
522,5.1,1069197674400.0,31.02,51.287,33.0
523,5.3,1066395427720.0,35.94,22.161,33.9
524,5.3,1063460774340.0,36.629,26.918,155.0
525,5.4,1059208609170.0,38.019,28.927,10.0
526,5.4,1058936162960.0,38.172,28.853,5.0
527,5.6,1058060901990.0,38.288,38.963,10.0
528,5.3,1057522216450.0,40.421,26.128,17.0
529,5.7,1057518628160.0,40.445,26.024,17.1
530,5.2,1055142399330.0,39.893,22.309,17.8
531,5.3,1054031452180.0,29.598,51.311,33.0
532,5.5,1051960960630.0,36.884,31.536,135.3
533,6.4,1051748824700.0,39.007,40.464,10.0
534,5.2,1050618864590.0,38.158,27.0,10.0
535,5.8,1049935215110.0,38.221,26.958,10.0
536,6.1,1043645183040.0,39.5,39.878,10.0
537,5.2,1040749382940.0,34.594,47.454,33.0
538,5.4,1034402330110.0,34.772,26.371,10.0
539,5.6,1032992891920.0,31.995,49.329,10.0
540,5.2,1030928403270.0,35.701,48.838,10.0
541,6.5,1024714701300.0,35.626,49.047,10.0
542,5.3,1024370364250.0,33.326,45.913,33.0
543,5.2,1023402941980.0,35.648,26.183,87.4
544,5.0,1022947956930.0,29.568,51.226,33.0
545,5.9,1022014409700.0,36.627,24.274,97.1
546,5.4,1019677687120.0,34.642,47.4,33.0
547,5.2,1019224009770.0,36.567,49.81,33.0
548,5.0,1013444313720.0,40.102,50.211,54.2
549,5.3,1012736395380.0,38.551,31.181,10.0
550,6.0,1012728403350.0,38.632,30.902,10.0
551,5.5,1012720476420.0,38.701,30.872,10.0
552,6.5,1012720288410.0,38.573,31.271,5.0
553,6.2,1011675232650.0,35.79,26.617,88.0
554,5.3,1006751001010.0,34.82,24.28,33.0
555,5.1,1004531632810.0,37.249,36.136,10.0
556,5.0,999383896830.0,32.726,47.68,14.1
557,5.0,998786473170.0,40.951,31.573,7.8
558,5.0,996506696740.0,39.091,24.044,10.0
559,6.5,996106896920.0,39.059,24.244,10.0
560,5.4,994801328840.0,39.832,41.623,33.0
561,5.5,993475726510.0,37.238,36.206,5.0
562,5.7,993279162960.0,35.55,28.157,50.1
563,5.6,992178664230.0,38.582,25.613,33.0
564,5.0,991755209770.0,42.472,48.634,60.3
565,5.2,991111437940.0,35.407,27.779,20.7
566,5.2,988696856390.0,35.696,27.504,33.0
567,5.2,986319394220.0,32.472,47.985,33.0
568,5.3,985797262690.0,29.836,51.225,33.0
569,5.5,985325051940.0,32.951,46.625,33.0
570,5.2,978850140630.0,40.171,50.143,33.0
571,6.0,976898687660.0,38.457,31.351,10.0
572,5.0,976898683440.0,38.541,31.207,10.0
573,5.0,975494699080.0,39.856,50.209,33.0
574,6.5,975175847390.0,40.167,49.954,33.0
575,6.8,975175751420.0,40.245,49.946,50.4
576,5.6,974300738170.0,38.397,42.922,65.3
577,5.3,967038088140.0,40.68,30.72,15.3
578,5.4,960860594430.0,35.146,27.125,10.0
579,6.0,960259309800.0,40.693,32.992,10.0
580,5.2,959162504840.0,35.916,22.1,33.0
581,5.7,959146837740.0,36.042,22.012,33.0
582,5.1,957344476270.0,29.662,50.797,33.0
583,5.5,956319790510.0,37.842,29.328,33.0
584,5.5,954909418800.0,34.22,25.69,38.0
585,5.2,953647660820.0,39.949,48.23,59.7
586,5.3,952725705970.0,34.356,26.029,10.0
587,5.2,951553117690.0,37.304,44.76,33.0
588,5.3,951220525630.0,34.598,25.599,33.0
589,5.7,944240814700.0,40.358,42.346,19.3
590,5.0,943302182590.0,34.996,27.479,33.0
591,5.1,942774678100.0,40.717,31.608,10.0
592,5.2,942427771510.0,40.742,31.471,10.0
593,5.5,942427076790.0,40.785,31.12,10.0
594,7.2,942425839550.0,40.758,31.161,10.0
595,5.7,942331285610.0,40.744,30.266,22.0
596,5.0,941993681730.0,40.693,30.725,10.0
597,5.2,939084808970.0,36.73,28.24,33.0
598,5.2,938563985580.0,40.739,29.346,10.0
599,5.3,938200634580.0,28.645,51.328,33.0
600,5.9,937223728180.0,40.709,30.045,13.0
601,5.0,936840728120.0,40.718,29.144,13.1
602,6.0,936705409380.0,38.119,23.605,10.0
603,5.2,936087049530.0,40.711,29.949,10.0
604,5.2,935075865040.0,40.618,29.138,10.0
605,5.1,934902387070.0,34.814,32.859,33.0
606,5.1,934859640370.0,40.616,30.688,10.0
607,5.0,934848986150.0,40.741,29.97,10.0
608,7.6,934848099130.0,40.748,29.864,17.0
609,5.6,934345675350.0,34.791,32.939,33.0
610,5.2,932885813020.0,39.309,28.003,10.0
611,5.4,928487570070.0,40.802,47.448,33.0
612,5.6,927652521900.0,34.478,32.131,10.0
613,5.4,923357302920.0,39.4,38.307,10.0
614,5.3,919620877900.0,43.214,46.825,65.0
615,5.7,917759233630.0,43.157,46.841,33.0
616,5.1,916427650600.0,35.35,45.163,33.0
617,5.1,907786054500.0,33.8,25.62,10.0
618,5.4,907554033920.0,33.199,47.225,38.6
619,5.3,907461767490.0,33.238,47.254,10.0
620,5.1,906413727260.0,31.074,51.231,33.0
621,5.0,903676392970.0,34.228,48.159,49.0
622,5.6,902327220330.0,33.208,46.251,33.0
623,6.0,899993958410.0,38.717,48.507,26.0
624,5.4,899518546910.0,36.874,35.321,33.0
625,6.3,898955752080.0,36.878,35.307,33.0
626,5.2,897873275990.0,31.712,50.835,31.3
627,5.5,896380408100.0,31.401,27.667,10.0
628,5.1,894728280480.0,38.278,38.988,10.0
629,5.3,892480473530.0,39.238,41.055,33.0
630,5.3,891706607070.0,38.102,30.157,10.0
631,5.1,889442480340.0,36.024,28.388,72.2
632,5.3,880652070330.0,41.849,45.332,37.5
633,6.0,879543531600.0,38.859,25.795,17.9
634,5.6,878764228680.0,38.438,22.284,23.8
635,5.4,878732575460.0,34.771,23.977,33.0
636,6.4,876749977490.0,36.379,22.071,24.0
637,5.0,859350171630.0,33.386,35.452,10.0
638,5.1,858684376010.0,34.187,26.154,20.0
639,5.3,857327382570.0,37.864,47.865,10.0
640,6.1,857134638640.0,38.075,48.05,10.0
641,5.3,853957649660.0,36.275,35.997,10.0
642,5.1,853957490200.0,36.239,35.922,10.0
643,5.7,853955838700.0,36.25,35.951,10.0
644,5.2,853879666710.0,38.047,29.03,16.3
645,5.7,853150766110.0,34.305,32.326,33.0
646,5.5,851465786170.0,34.294,38.712,29.2
647,5.0,849499728370.0,34.401,32.184,33.0
648,5.4,849055463030.0,34.499,32.06,33.0
649,5.0,845877648690.0,34.458,32.3,33.0
650,5.2,844923286360.0,34.848,32.288,33.0
651,5.7,844909822480.0,34.56,32.214,33.0
652,5.0,844907019760.0,34.495,32.158,33.0
653,5.1,844878157580.0,34.492,32.227,33.0
654,5.7,844870777500.0,34.591,32.208,33.0
655,5.2,844869610020.0,34.496,32.063,33.0
656,6.8,844866652130.0,34.556,32.126,33.0
657,5.2,839991663750.0,40.329,35.147,10.0
658,5.7,839991581120.0,40.801,35.37,10.0
659,5.8,839987702560.0,40.754,35.34,10.0
660,5.1,837999878070.0,36.147,27.218,33.0
661,6.2,837820841880.0,36.147,27.103,33.0
662,5.5,830502087520.0,36.366,28.042,74.6
663,5.0,830184152380.0,39.165,47.369,29.1
664,5.2,829323550060.0,36.615,27.087,158.7
665,5.4,828431966190.0,37.827,26.995,33.0
666,5.0,825319048310.0,28.732,34.822,23.0
667,5.3,824878793450.0,28.883,34.75,22.5
668,5.4,820658545750.0,38.994,48.72,56.4
669,5.1,819958781140.0,29.139,35.243,10.0
670,5.0,818645526520.0,28.878,34.69,10.0
671,5.3,818566069740.0,34.825,24.11,39.5
672,5.6,818359254380.0,34.795,24.103,33.0
673,5.3,818189557770.0,39.553,40.19,10.0
674,5.8,818189370460.0,39.44,40.153,14.9
675,5.2,817732174020.0,36.551,27.118,134.3
676,5.0,817482749070.0,32.309,48.923,61.0
677,5.7,817150037290.0,29.333,34.749,10.0
678,5.4,817078613930.0,28.52,34.701,10.0
679,5.1,817044425180.0,28.536,35.005,10.0
680,7.2,817013711940.0,28.826,34.799,10.0
681,5.2,813740194210.0,37.055,49.476,33.0
682,5.0,812570578330.0,38.047,30.192,33.0
683,6.4,812563036200.0,38.063,30.134,33.0
684,5.1,809069657600.0,36.609,26.708,168.4
685,5.4,803176260430.0,38.382,22.418,10.0
686,6.5,803175348730.0,38.401,22.283,14.2
687,5.0,802566587070.0,32.461,48.737,33.0
688,5.3,801723512490.0,35.039,32.246,10.0
689,5.3,799547649180.0,40.572,23.617,10.0
690,5.3,798510108670.0,30.892,49.908,25.3
691,5.3,793575631240.0,35.043,32.314,10.0
692,5.9,793573381340.0,35.046,32.279,10.0
693,5.2,791353016970.0,39.83,40.657,31.1
694,5.4,785341862270.0,35.335,39.557,28.8
695,5.4,784709760520.0,36.91,29.06,10.0
696,5.0,783779461030.0,38.152,48.315,10.0
697,5.2,780040306080.0,32.501,48.77,33.0
698,5.1,779768677890.0,37.885,41.584,8.8
699,5.0,778742775030.0,29.419,51.283,33.0
700,5.2,775632130550.0,32.578,48.456,72.7
701,5.6,775631739580.0,32.558,48.369,43.3
702,5.0,769745914900.0,38.765,26.602,16.3
703,5.5,769745136290.0,38.664,26.542,17.3
704,6.1,769675576120.0,35.559,24.727,76.0
705,5.0,766569752030.0,41.948,46.317,33.0
706,5.1,764927813970.0,29.096,51.256,33.0
707,5.4,759771924580.0,38.693,27.493,5.0
708,5.0,757630831380.0,37.002,35.842,25.8
709,5.3,752390317460.0,38.372,22.002,17.3
710,5.0,751240340390.0,30.154,51.235,14.8
711,5.3,746780132410.0,41.878,49.466,84.6
712,5.3,746359437590.0,36.736,28.051,33.2
713,5.7,744395600780.0,28.777,34.668,10.0
714,5.1,744385499900.0,28.607,34.638,10.0
715,5.0,744384823950.0,28.405,34.78,10.0
716,5.3,744383538300.0,28.504,34.676,10.0
717,5.1,744382446360.0,28.6,34.777,10.0
718,6.1,744381785360.0,28.729,34.553,10.0
719,5.4,740766763730.0,30.149,50.814,33.0
720,5.0,740087982680.0,39.624,38.41,26.1
721,5.1,733186366930.0,30.692,50.886,29.6
722,5.4,732798223580.0,34.697,34.402,32.1
723,5.8,732469620420.0,38.34,22.155,59.2
724,5.0,730355060690.0,42.558,43.862,10.0
725,5.4,729933764360.0,35.515,42.647,18.1
726,5.0,728792577170.0,38.242,22.668,31.8
727,5.9,722322441740.0,35.916,22.491,65.0
728,5.9,722121041490.0,38.307,22.452,14.5
729,6.1,721076889250.0,38.16,26.998,17.2
730,6.4,719882385200.0,42.589,45.104,16.4
731,5.8,718895395510.0,29.778,31.144,21.5
732,5.1,717285558670.0,29.813,51.087,35.0
733,5.4,716213160400.0,29.852,51.112,16.2
734,5.1,716074909180.0,29.883,51.035,42.2
735,5.5,711922362570.0,39.847,24.39,6.6
736,5.2,705266103330.0,38.698,40.143,18.3
737,5.8,704634278950.0,35.059,26.655,20.0
738,5.2,701069843970.0,36.662,24.52,14.0
739,5.9,700676184240.0,39.532,39.929,20.9
740,6.7,700507119980.0,39.71,39.605,27.2
741,5.1,699710273040.0,31.726,50.778,17.9
742,5.0,694964725980.0,36.377,22.765,27.6
743,5.2,691964515310.0,36.135,31.807,114.9
744,5.6,691348795530.0,36.924,49.603,15.7
745,5.1,690066269000.0,30.751,50.082,33.0
746,5.0,689786354280.0,30.585,50.268,43.6
747,5.0,689327389100.0,30.604,50.169,37.7
748,5.6,689219431630.0,30.666,50.218,38.5
749,5.1,687794694930.0,35.692,28.484,52.4
750,5.2,687567655060.0,34.433,26.24,21.3
751,5.2,687150881090.0,31.658,50.742,38.1
752,5.1,686713607580.0,41.096,43.409,18.3
753,5.0,685027418940.0,28.999,51.321,33.0
754,5.5,680348741890.0,36.52,44.066,25.5
755,5.4,678608791860.0,42.387,44.116,20.4
756,6.3,676947560310.0,42.461,44.009,9.4
757,5.2,675944560440.0,40.048,42.859,27.8
758,5.0,674847458850.0,42.867,48.028,10.0
759,5.2,673314061870.0,42.647,43.263,10.8
760,5.6,673301978860.0,42.683,43.247,10.0
761,5.1,673147530140.0,42.541,43.96,10.0
762,5.4,672957174210.0,42.541,43.333,10.0
763,6.1,672949841520.0,42.503,43.899,14.3
764,5.5,672949395290.0,42.583,43.764,10.0
765,5.4,672936186360.0,42.515,43.937,10.0
766,7.0,672916368100.0,42.453,43.673,17.2
767,5.4,671245719610.0,37.359,36.221,10.0
768,5.6,669384564840.0,34.825,26.335,22.7
769,5.2,669007449000.0,34.343,26.389,7.1
770,5.2,668716423120.0,37.009,30.989,112.8
771,5.4,666519955550.0,30.327,50.846,25.0
772,5.1,662484856080.0,32.602,47.896,57.4
773,5.0,662357033650.0,37.106,49.227,10.0
774,6.1,661762662990.0,41.004,22.3,13.3
775,5.7,661385929880.0,29.044,51.304,15.4
776,5.5,661362340700.0,41.361,43.715,33.0
777,5.0,659196168090.0,37.01,29.585,20.4
778,5.0,655653425100.0,32.838,48.212,45.9
779,5.3,649684633070.0,32.758,48.213,45.1
780,5.1,648842388160.0,32.876,48.243,10.0
781,5.5,648300564950.0,36.99,29.595,17.2
782,5.4,647522540350.0,35.066,26.64,59.8
783,5.3,647292892490.0,36.861,49.303,34.6
784,5.4,646220757000.0,36.863,49.405,10.0
785,5.3,645970647540.0,36.732,49.407,10.0
786,5.8,645958934620.0,36.636,49.799,15.2
787,5.4,645934131070.0,36.789,49.789,10.0
788,5.1,645925724840.0,36.641,49.83,15.6
789,7.4,645915609980.0,36.957,49.409,18.5
790,5.4,640654203480.0,40.002,40.069,14.0
791,5.4,620981550100.0,40.2,25.086,10.0
792,5.6,620184077920.0,34.921,26.24,61.0
793,5.2,619988121160.0,41.687,49.273,33.0
794,5.2,618133360840.0,43.522,45.362,18.2
795,5.1,614660997560.0,36.719,35.943,41.6
796,5.5,613850798260.0,34.289,26.055,13.8
797,5.0,612424001920.0,30.088,50.908,40.4
798,6.0,612302917310.0,30.167,50.921,30.5
799,5.4,611700242260.0,39.553,40.172,38.2
800,5.6,609773419240.0,37.004,28.139,16.9
801,5.5,609721612240.0,37.027,28.18,13.9
802,5.4,607555476960.0,32.621,47.782,32.8
803,5.5,607094954440.0,34.234,24.729,57.2
804,5.4,606289018940.0,39.254,23.516,10.0
805,5.7,606116574430.0,34.662,25.45,31.3
806,5.3,604284035150.0,37.731,29.347,18.5
807,5.4,603901726510.0,37.009,28.226,10.0
808,5.0,599902181150.0,40.89,44.274,10.0
809,5.2,597591228140.0,36.629,30.397,28.0
810,5.0,597562589820.0,40.944,44.1,10.0
811,5.0,597490474050.0,40.956,44.078,10.0
812,5.9,597483944870.0,40.974,44.246,10.0
813,6.8,597483684200.0,40.987,44.185,5.4
814,5.4,596062865940.0,35.281,28.685,10.0
815,5.0,589576597450.0,42.007,41.725,10.0
816,5.3,589493005460.0,34.476,26.59,10.6
817,5.0,584138092220.0,38.146,22.845,29.1
818,5.5,583258538340.0,38.458,43.038,50.9
819,5.3,578654121740.0,42.469,47.663,22.4
820,5.3,577918173600.0,40.857,28.227,15.6
821,5.1,577677248890.0,30.793,50.373,32.1
822,5.5,577511408390.0,39.109,44.123,55.2
823,5.9,575691162860.0,30.89,50.194,32.9
824,5.0,570346378670.0,32.916,47.168,75.1
825,5.0,570267854220.0,32.662,46.947,36.6
826,5.0,570188750150.0,32.962,47.189,77.5
827,5.6,570188088700.0,32.665,47.054,34.3
828,5.0,560424422320.0,36.246,28.282,28.7
829,5.0,557671195090.0,35.895,30.623,45.2
830,5.4,551839817860.0,32.82,24.357,24.2
831,5.3,551126741640.0,36.791,28.193,79.5
832,5.3,549268070770.0,34.076,48.266,40.9
833,5.1,545194040110.0,35.502,23.37,46.9
834,5.0,537707974690.0,34.678,33.905,34.4
835,5.0,536580886400.0,30.48,32.221,24.1
836,5.6,534349029560.0,43.274,25.912,20.5
837,5.7,529405210550.0,37.931,28.574,5.0
838,5.0,528873135980.0,34.672,23.317,15.1
839,5.3,528631965690.0,34.846,28.314,45.5
840,6.0,527016271490.0,37.014,22.176,11.2
841,5.0,523416800360.0,37.2,37.3,11.5
842,5.2,519414861010.0,38.434,25.056,10.0
843,5.8,518438386930.0,38.001,37.917,10.0
844,5.5,517175541870.0,34.63,26.528,43.0
845,5.8,516357842140.0,41.431,43.737,10.0
846,6.1,515648138830.0,37.993,37.806,9.6
847,5.0,513576631250.0,40.127,43.397,10.0
848,5.6,512505397850.0,38.377,25.165,10.0
849,5.5,512098894610.0,38.354,25.145,4.4
850,5.4,509348395950.0,43.321,25.968,20.5
851,5.3,507227752870.0,38.885,48.62,71.2
852,5.0,503732760780.0,39.201,26.175,19.6
853,5.2,500427042980.0,41.262,23.988,22.2
854,5.2,500199981440.0,40.31,42.307,33.0
855,5.3,496767015290.0,41.581,22.254,7.4
856,5.6,496687188750.0,34.506,26.599,61.4
857,5.3,495850234880.0,31.627,49.447,33.0
858,5.2,490915948810.0,34.384,28.307,22.6
859,5.4,489301711580.0,42.132,45.86,33.0
860,5.3,485712142500.0,36.575,22.208,39.2
861,5.7,483732852710.0,39.266,22.81,26.9
862,5.3,482921380550.0,35.665,22.192,34.5
863,5.1,480737202750.0,31.656,49.955,53.3
864,5.7,470907490340.0,37.971,43.147,35.6
865,5.1,469785791710.0,40.134,24.871,16.5
866,5.0,467250020790.0,32.697,47.56,41.7
867,5.4,466940784610.0,40.545,42.403,60.2
868,5.5,464361961880.0,40.885,42.219,10.0
869,5.3,462175344550.0,32.739,35.094,24.3
870,6.2,456662622120.0,35.36,23.238,39.1
871,6.1,456306482620.0,38.859,25.723,22.5
872,5.0,454940967700.0,31.952,50.536,33.0
873,5.2,454082225830.0,35.908,22.516,52.3
874,5.4,452682722250.0,38.839,25.63,11.7
875,5.0,449338505800.0,34.786,33.606,34.4
876,5.0,448058104500.0,34.78,23.78,32.0
877,5.3,447276286160.0,43.07,45.614,33.0
878,5.2,447242494740.0,43.058,45.49,33.0
879,5.6,445334571500.0,38.396,22.094,28.7
880,5.1,444788416630.0,37.205,28.653,10.0
881,5.0,443736842600.0,35.179,27.219,33.0
882,5.0,442966503650.0,35.228,24.492,64.1
883,5.0,438610763930.0,35.022,22.802,25.1
884,5.1,438076678170.0,34.293,45.94,34.7
885,5.0,437966135670.0,39.781,39.463,27.1
886,5.3,436365622850.0,40.337,42.171,17.0
887,6.8,436335147130.0,40.33,42.187,11.6
888,5.1,435616489130.0,40.127,29.377,13.9
889,5.1,434629018230.0,40.267,25.319,10.0
890,5.5,433555178450.0,36.688,26.912,158.6
891,5.4,431978381610.0,35.413,27.238,10.0
892,6.8,429032631240.0,40.142,24.766,2.4
893,5.6,427689660880.0,36.948,49.18,41.3
894,6.1,426254487380.0,40.324,27.222,10.0
895,5.0,424267206340.0,28.509,33.171,10.0
896,5.6,422969751920.0,32.594,48.581,18.0
897,5.0,418462546570.0,39.882,40.411,10.0
898,5.7,416958102880.0,35.081,25.35,65.0
899,5.4,415722155630.0,32.489,49.34,33.0
900,5.4,410400745640.0,34.533,24.383,73.5
901,5.0,408741834430.0,38.693,24.806,8.6
902,5.2,401485873870.0,34.356,26.05,32.4
903,5.0,401332931450.0,34.355,26.029,36.9
904,6.4,398470944430.0,33.772,22.961,31.0
905,5.0,391781926250.0,33.711,48.178,33.0
906,5.2,389247003520.0,41.183,46.198,33.0
907,5.4,386107043160.0,39.167,41.899,33.0
908,5.5,380230266890.0,39.906,24.578,10.0
909,6.8,380230044450.0,40.004,24.319,10.0
910,5.3,378460845050.0,38.796,24.772,10.4
911,5.1,378398980780.0,35.051,45.923,33.0
912,6.5,378322753630.0,38.938,24.905,13.3
913,5.0,377792143260.0,39.157,25.507,15.2
914,5.0,377791997190.0,39.252,25.39,14.3
915,7.2,377619050720.0,39.243,25.227,10.0
916,5.1,376102296350.0,40.926,48.09,33.0
917,5.1,375925052640.0,40.836,48.078,44.7
918,5.0,375027035810.0,40.734,49.193,33.0
919,5.0,374322560080.0,36.184,30.376,53.7
920,5.7,372230548300.0,43.257,45.308,33.0
921,5.2,370683359820.0,34.014,25.627,33.0
922,5.6,365798141270.0,38.072,49.34,27.0
923,5.6,364694730720.0,37.141,45.23,33.0
924,5.0,364199454710.0,34.893,22.841,12.1
925,5.1,360233246300.0,35.445,26.307,78.2
926,5.1,358537383470.0,42.83,45.765,33.0
927,5.4,357142407650.0,36.559,30.712,70.2
928,5.0,353217959180.0,40.801,28.109,10.0
929,5.5,352812884020.0,38.187,23.32,33.0
930,5.2,352623546870.0,38.207,23.129,24.9
931,6.4,352591085940.0,38.209,23.288,28.5
932,6.4,351916553380.0,38.125,23.141,33.0
933,6.7,351896018470.0,38.222,22.934,33.0
934,5.1,351749199580.0,41.793,45.975,33.0
935,5.1,348827266600.0,38.079,38.473,10.0
936,5.1,347259477900.0,32.73,48.461,33.0
937,5.5,346337481000.0,34.503,50.59,41.0
938,5.8,346036616000.0,34.587,50.652,33.0
939,5.8,345990855600.0,36.009,44.67,33.0
940,5.0,345768497600.0,35.88,44.578,70.0
941,5.1,344665575000.0,37.075,50.38,46.0
942,5.8,340824249900.0,32.762,48.572,42.0
943,5.0,340686850000.0,39.851,40.254,35.0
944,5.1,334833358300.0,39.274,22.659,17.0
945,5.4,333091030100.0,37.19,50.201,62.0
946,5.0,332166805700.0,38.425,40.897,10.0
947,5.3,332105940600.0,39.307,22.925,10.0
948,6.3,331958150000.0,39.257,22.557,20.0
949,6.4,331956712800.0,39.269,23.041,14.0
950,5.1,331956616500.0,39.217,22.935,10.0
951,5.0,327285449700.0,35.961,27.372,65.0
952,6.2,326313320400.0,38.053,48.985,46.0
953,5.2,326093458100.0,35.651,29.803,32.0
954,5.0,316590695100.0,37.12,50.33,33.0
955,5.3,315469294300.0,36.184,31.51,79.0
956,5.1,315198547300.0,37.47,35.847,41.0
957,5.0,306000891300.0,38.662,39.803,10.0
958,5.0,304274866900.0,39.69,28.57,10.0
959,5.3,304200768100.0,35.946,27.417,93.0
960,5.2,301578114600.0,35.483,26.322,33.0
961,5.2,301151522500.0,39.672,28.66,10.0
962,5.1,298406520300.0,38.748,26.633,18.0
963,5.6,298294455600.0,34.955,24.243,33.0
964,5.8,298208685900.0,38.808,26.527,23.0
965,5.9,296731652400.0,36.409,31.751,98.0
966,5.6,295599561200.0,34.53,24.437,33.0
967,5.1,293720518600.0,31.244,35.461,33.0
968,5.1,293294566800.0,33.4,46.416,33.0
969,5.0,292680866300.0,39.111,43.901,34.0
970,5.1,291432806900.0,30.899,49.932,33.0
971,6.2,282467120600.0,32.139,49.646,33.0
972,5.1,281589154000.0,38.07,37.468,10.0
973,5.0,281124140100.0,36.162,26.371,123.0
974,6.1,279040939300.0,37.674,48.901,34.0
975,5.2,273110824100.0,32.646,49.801,49.0
976,5.1,268439008000.0,40.751,23.06,19.0
977,6.4,267221001000.0,40.739,23.229,3.0
978,5.3,267100265400.0,40.747,23.216,10.0
979,5.6,265038218200.0,41.963,46.546,38.0
980,5.7,264814451400.0,40.759,23.268,10.0
981,5.0,261247583200.0,31.845,50.626,34.0
982,5.1,260599846300.0,37.801,23.163,45.0
983,5.4,258158026700.0,34.499,25.258,42.0
984,5.1,254917423300.0,34.929,25.659,35.0
985,5.3,252570687500.0,41.54,44.244,10.0
986,5.3,251105850100.0,38.436,27.216,34.0
987,5.6,249533950800.0,36.05,27.761,85.0
988,5.1,247434375000.0,39.283,43.498,33.0
989,5.2,247371774900.0,42.106,23.972,6.0
990,5.0,246362529100.0,34.95,23.161,33.0
991,5.0,246293766900.0,31.789,50.834,33.0
992,5.8,244877686800.0,40.963,33.411,33.0
993,6.0,242867963700.0,35.048,23.029,33.0
994,5.1,242721101800.0,34.933,23.015,33.0
995,5.3,240744460000.0,35.225,23.395,42.0
996,5.1,234347130800.0,32.561,48.164,33.0
997,5.8,234333907600.0,32.636,48.086,40.0
998,5.7,234017689200.0,36.243,31.344,67.0
999,5.4,233458513800.0,38.934,44.38,37.0
1000,5.0,232395466100.0,39.105,23.455,12.0
1001,5.4,230919929000.0,32.655,48.922,47.0
1002,5.9,229181797100.0,31.983,50.683,41.0
1003,5.0,228200675200.0,39.332,43.424,21.0
1004,5.2,228105598200.0,38.562,40.024,21.0
1005,5.0,225665241300.0,38.737,27.72,43.0
1006,5.2,222425334100.0,33.157,47.997,48.0
1007,5.0,222326363700.0,39.172,43.518,33.0
1008,5.1,221242198500.0,33.094,47.923,45.0
1009,5.0,221005600600.0,39.197,43.458,24.0
1010,5.0,219125366300.0,33.731,46.543,41.0
1011,5.0,217763366900.0,39.026,44.29,34.0
1012,5.0,217696265400.0,39.019,44.181,40.0
1013,5.5,217687005600.0,39.243,44.267,33.0
1014,5.0,217686640600.0,39.121,43.925,33.0
1015,7.3,217686138800.0,39.121,44.029,36.0
1016,5.4,216893003000.0,33.246,47.931,49.0
1017,5.1,216713386500.0,34.971,23.325,29.0
1018,5.5,216212877200.0,33.235,47.963,51.0
1019,5.0,210873885100.0,31.126,50.37,39.0
1020,5.1,210809254900.0,38.298,40.853,22.0
1021,5.1,210789795800.0,31.431,49.972,44.0
1022,5.0,209265156700.0,37.703,28.893,3.0
1023,5.1,209151476600.0,36.877,27.046,167.0
1024,6.1,207433062300.0,43.172,45.603,21.0
1025,5.4,204534068000.0,35.088,23.311,33.0
1026,5.5,199664289100.0,40.888,42.855,44.0
1027,5.1,193838574800.0,39.502,22.154,33.0
1028,5.1,192872149300.0,40.656,24.533,33.0
1029,5.1,192512288800.0,40.345,51.12,80.0
1030,5.2,192213640600.0,39.933,48.415,58.0
1031,5.0,190334509500.0,38.593,43.135,36.0
1032,5.0,190325997000.0,34.386,32.453,20.0
1033,5.1,190317024000.0,34.318,32.529,33.0
1034,5.1,187467148700.0,34.15,25.781,52.0
1035,5.1,185080046600.0,33.586,22.922,33.0
1036,5.2,185015029500.0,36.346,28.193,68.0
1037,5.3,180578697700.0,35.288,26.232,63.0
1038,5.2,180540997800.0,31.599,51.037,33.0
1039,5.2,179232735000.0,38.428,40.83,33.0
1040,5.1,179230388500.0,38.539,40.589,33.0
1041,6.7,179227210900.0,38.474,40.723,26.0
1042,5.6,168064136900.0,36.184,30.772,56.0
1043,5.4,165820576200.0,38.093,21.98,53.0
1044,5.3,165290765100.0,40.361,26.025,33.0
1045,6.7,165129306200.0,40.418,26.139,5.0
1046,5.9,164266515200.0,40.471,26.106,5.0
1047,5.5,164265467300.0,40.493,26.168,5.0
1048,5.3,164265072200.0,40.397,25.976,3.0
1049,5.5,162633605400.0,40.085,24.697,34.0
1050,5.1,158969272500.0,35.445,44.775,58.0
1051,5.0,158733585400.0,40.439,41.664,40.0
1052,5.2,158540986600.0,42.889,46.987,31.0
1053,5.4,158441552900.0,38.291,22.689,18.0
1054,5.0,157008128400.0,43.128,47.049,33.0
1055,5.0,154803169900.0,35.297,45.655,50.0
1056,5.1,153674984800.0,38.486,23.091,24.0
1057,5.2,153671205800.0,38.53,22.991,3.0
1058,5.0,153667353100.0,38.518,23.123,19.0
1059,5.1,153542185500.0,42.72,46.557,42.0
1060,5.4,144860777100.0,42.335,45.932,33.0
1061,5.0,142569137600.0,36.652,28.449,69.0
1062,5.1,141175815000.0,41.262,23.032,33.0
1063,5.0,134576567100.0,34.75,24.699,29.0
1064,5.2,128908862400.0,38.552,27.015,29.0
1065,5.0,126804278200.0,33.303,47.924,32.0
1066,5.2,125612565400.0,34.706,24.623,37.0
1067,5.1,124708306300.0,41.876,49.028,79.0
1068,5.1,123911451400.0,35.44,26.447,80.0
1069,5.7,123418662700.0,35.181,23.797,26.0
1070,5.1,121911112200.0,35.575,27.685,33.0
1071,5.2,121325766200.0,32.924,49.598,51.0
1072,5.0,114956784800.0,31.773,50.936,41.0
1073,5.0,109852142600.0,29.995,50.461,48.0
1074,5.0,104362197200.0,30.742,49.832,57.0
1075,5.1,102953634200.0,34.431,25.25,16.0
1076,5.2,97910840000.0,32.05,49.428,51.0
1077,6.09,85205601550.0,37.99,22.485,81.5
1078,5.11,82511279390.0,41.059,22.75,10.0
1079,5.21,81932455010.0,31.623,50.037,10.0
1080,5.19,80102809930.0,38.263,43.349,15.0
1081,5.28,79047500550.0,30.036,50.976,15.0
1082,5.17,78977399120.0,30.011,50.82,17.5
1083,5.16,78933905650.0,30.11,50.762,15.0
1084,5.56,78929767240.0,30.051,50.889,20.0
1085,5.14,78136776530.0,33.006,46.103,20.0
1086,5.37,77344467670.0,33.093,46.215,15.0
1087,5.27,77244937440.0,33.078,46.183,14.3
1088,5.58,77204039630.0,33.023,46.184,15.0
1089,5.14,76872349170.0,43.231,47.035,15.0
1090,5.22,76844362440.0,34.13,46.245,10.0
1091,5.14,75870875470.0,38.926,29.981,15.0
1092,5.19,74164857490.0,41.703,23.725,13.7
1093,6.21,73863601680.0,35.182,23.55,35.0
1094,5.18,70073510820.0,40.449,42.185,15.0
1095,5.67,69429946820.0,39.217,29.517,25.0
1096,5.35,65932160800.0,40.755,48.447,15.0
1097,5.19,64617121400.0,37.49,48.765,15.0
1098,5.34,64275002910.0,32.832,46.866,15.0
1099,5.31,63538891820.0,30.263,50.584,15.0
1100,5.22,62063593590.0,41.16,48.421,35.0
1101,5.78,62041266960.0,41.119,48.422,35.0
1102,5.58,62040560850.0,41.167,48.359,35.0
1103,5.28,61658696050.0,30.25,50.65,15.0
1104,5.25,58304628750.0,39.042,29.772,15.0
1105,5.22,56394487550.0,41.216,48.593,35.0
1106,5.19,54319730460.0,37.199,30.178,15.0
1107,5.5,53277003980.0,37.196,30.279,15.0
1108,5.16,53217314840.0,41.314,44.056,15.0
1109,5.17,53197272280.0,37.141,30.16,10.0
1110,5.31,52683884930.0,30.125,50.843,10.0
1111,5.16,52118412400.0,30.097,50.754,15.0
1112,5.22,51731654490.0,30.105,50.729,15.0
1113,5.28,51251376090.0,37.089,36.851,42.5
1114,5.79,48111176870.0,37.181,36.778,10.0
1115,5.22,47218409210.0,36.451,43.445,15.0
1116,5.28,47034494230.0,37.111,36.905,35.0
1117,5.14,47000264380.0,37.636,30.029,25.0
1118,5.09,45874543470.0,36.984,29.063,10.0
1119,5.23,45394313160.0,38.991,29.642,15.0
1120,5.14,45272575670.0,37.484,29.785,15.0
1121,5.23,45248367380.0,37.448,29.778,15.0
1122,5.9,43998206790.0,39.032,29.778,10.0
1123,5.14,43785328880.0,38.997,40.729,10.0
1124,5.14,43781658540.0,39.04,40.728,15.0
1125,6.58,43778642740.0,38.934,40.653,10.0
1126,5.13,43666875030.0,37.453,29.698,15.0
1127,5.12,43556805040.0,37.614,30.036,15.0
1128,5.14,43337777280.0,37.605,29.915,15.0
1129,5.18,43233901200.0,37.448,29.805,15.0
1130,5.12,42957929960.0,37.498,29.814,15.0
1131,5.19,42927188330.0,37.477,29.789,22.5
1132,5.53,42901045680.0,37.503,29.696,22.5
1133,5.57,42891037890.0,37.552,29.678,23.5
1134,5.18,42891026800.0,37.462,29.753,22.5
1135,6.34,42877516220.0,37.585,29.784,22.5
1136,5.13,42351874760.0,39.021,29.677,15.0
1137,5.11,41850375450.0,34.717,50.401,15.0
1138,5.21,40754257980.0,41.069,37.143,15.0
1139,5.34,40395156540.0,38.976,29.781,15.0
1140,5.17,37320288750.0,37.444,29.765,15.0
1141,5.62,36186085070.0,39.639,27.379,10.0
1142,5.23,36080862660.0,37.203,30.347,15.0
1143,5.28,35453996390.0,39.184,29.391,15.0
1144,5.3,33255121050.0,34.992,46.939,20.6
1145,5.21,30538906390.0,39.368,29.251,15.0
1146,5.37,28024559220.0,40.063,48.431,52.5
1147,5.47,25701738570.0,36.734,45.235,10.0
1148,5.17,23986390870.0,34.996,38.985,15.0
1149,5.19,23770061100.0,33.996,47.419,16.1
1150,5.29,23668715010.0,37.972,22.714,15.0
1151,5.25,21187930910.0,39.624,38.822,15.0
1152,5.39,16584073400.0,37.609,49.141,26.5
1153,5.17,15321475330.0,35.158,50.776,15.0
1154,5.12,13696382500.0,43.188,47.182,15.0
1155,5.25,11774947000.0,43.112,47.015,25.0
1156,5.14,11741214230.0,43.162,47.09,15.0
1157,5.15,11585283080.0,43.105,47.125,15.0
1158,5.2,11567749870.0,43.165,47.299,15.0
1159,5.1,11558073860.0,43.023,46.741,20.0
1160,6.7,11556746610.0,43.191,47.14,15.0
1161,6.1,11524822800.0,43.078,47.131,12.5
1162,5.13,10341886690.0,39.299,29.286,15.0
1163,5.1,10335502410.0,39.276,29.327,15.0
1164,5.16,9765600140.0,39.036,29.859,11.3
1165,5.7,9709287020.0,39.071,28.808,20.0
1166,5.21,9703111360.0,38.988,30.0,15.0
1167,5.35,9609845070.0,39.03,29.807,15.0
1168,5.99,9380855790.0,38.944,29.747,17.5
1169,6.1,9379778130.0,38.972,29.753,18.4
1170,5.2,9153571490.0,40.685,23.473,10.0
1171,5.18,9114200760.0,39.019,29.966,15.0
1172,5.55,9110541740.0,38.978,29.969,15.0
1173,5.15,8503948690.0,39.139,29.416,10.0
1174,6.3,8430629760.0,38.304,22.682,20.0
1175,5.29,8355910980.0,39.355,29.269,15.0
1176,5.17,7833363730.0,39.362,29.303,15.0
1177,5.11,7732678950.0,39.002,29.711,15.0
1178,5.12,7703210430.0,39.065,29.868,15.0
1179,5.13,7662756540.0,39.139,29.633,15.0
1180,5.13,7634117650.0,39.336,29.174,15.0
1181,5.34,7631992480.0,39.316,29.285,10.0
1182,5.25,7585902740.0,39.179,29.419,10.0
1183,5.44,7541783330.0,39.073,29.786,10.0
1184,5.24,7515839110.0,39.072,29.734,15.0
1185,5.14,7513902780.0,39.133,29.49,15.0
1186,5.15,7509552230.0,39.25,29.316,15.0
1187,7.23,7506146710.0,39.098,29.57,25.0
1188,5.38,6227505910.0,38.575,44.79,17.1
1189,5.11,4119411380.0,38.663,43.464,15.0
1190,5.19,4071594580.0,38.647,43.278,15.0
1191,5.25,232547920.0,32.629,48.781,15.0
1192,5.4,197683990.0,41.723,43.46,15.0
1193,5.19,-4938128930.0,40.195,50.288,40.9
1194,5.28,-5324796480.0,33.183,47.829,15.0
1195,5.23,-7411847070.0,39.174,28.439,14.3
1196,5.16,-7874781930.0,39.336,40.626,15.0
1197,5.53,-8125550620.0,34.313,25.139,25.0
1198,5.46,-9719161800.0,39.217,41.465,15.0
1199,5.26,-10457029200.0,30.739,49.666,15.0
1200,5.29,-17022914640.0,43.223,45.237,15.0
1201,5.96,-17484387520.0,34.414,25.169,22.4
1202,5.3,-21181165630.0,39.116,28.629,15.0
1203,5.83,-23314224760.0,38.433,26.631,15.0
1204,5.18,-24069464320.0,39.081,28.537,10.0
1205,6.8,-24099087260.0,38.515,28.546,10.0
1206,5.11,-24306392210.0,39.026,28.42,10.0
1207,5.21,-24313269930.0,39.099,28.447,10.0
1208,6.09,-24316707010.0,39.237,28.714,15.0
1209,5.16,-24316729090.0,39.037,28.388,10.0
1210,5.24,-24444026340.0,39.126,28.546,15.0
1211,5.93,-24461475140.0,39.083,28.493,15.0
1212,5.25,-25198430230.0,42.419,49.111,40.0
1213,5.73,-26262046240.0,40.028,27.572,15.0
1214,5.37,-28168588170.0,29.779,50.992,15.0
1215,6.4,-30329271730.0,36.043,29.221,25.0
1216,6.1,-33840468420.0,36.482,26.989,20.0
1217,5.18,-36566397810.0,38.78,29.114,15.0
1218,5.28,-36918501080.0,37.991,38.529,15.0
1219,5.16,-38973170170.0,38.8,32.543,15.0
1220,5.31,-39084428260.0,41.653,49.517,55.0
1221,5.17,-39892678480.0,38.877,32.557,10.0
1222,5.35,-39928066630.0,39.231,40.406,10.0
1223,5.25,-40074004870.0,39.142,40.361,10.0
1224,6.33,-41874003170.0,41.86,32.463,20.0
1225,5.31,-42056414880.0,39.07,46.209,15.0
1226,5.32,-43961519970.0,36.999,43.231,15.0
1227,5.23,-46445156210.0,29.746,50.785,15.0
1228,5.53,-46765133580.0,34.397,25.103,27.5
1229,5.21,-46766673060.0,29.631,51.117,20.0
1230,5.24,-47858745610.0,29.625,51.168,19.4
1231,5.49,-48091423150.0,29.806,51.328,10.0
1232,5.16,-48625255940.0,40.987,48.193,15.0
1233,5.4,-49331008030.0,39.115,46.202,15.0
1234,5.33,-49741794910.0,32.856,48.386,11.1
1235,5.41,-50126815220.0,29.549,51.207,12.1
1236,5.55,-50134773950.0,35.489,27.84,18.5
1237,5.3,-51657201890.0,43.585,40.474,15.0
1238,5.14,-51796032340.0,40.952,49.762,59.0
1239,5.55,-52815482840.0,39.253,44.203,15.0
1240,5.52,-53125297020.0,35.056,50.155,15.0
1241,6.96,-58842854320.0,39.368,24.957,15.0
1242,5.25,-61267159200.0,33.74,46.894,11.0
1243,5.25,-61269950620.0,33.762,46.827,10.0
1244,5.19,-68831688680.0,34.463,46.196,15.0
1245,5.28,-68929462880.0,37.197,29.161,15.0
1246,5.12,-69441145890.0,38.022,38.714,15.0
1247,5.14,-74259192420.0,35.589,49.25,15.0
1248,5.65,-76544936990.0,40.764,30.609,15.0
1249,6.2,-76828017390.0,39.568,40.445,20.0
1250,5.11,-77156280790.0,40.594,30.535,15.0
1251,5.31,-77176205620.0,40.796,30.548,15.0
1252,5.22,-77177513630.0,40.67,30.625,15.0
1253,7.29,-77180579300.0,40.751,30.8,30.0
1254,5.16,-79198632230.0,41.549,43.949,15.0
1255,5.18,-79710784200.0,40.85,33.665,15.0
1256,5.17,-80159468030.0,36.737,29.369,10.0
1257,5.18,-81542945440.0,43.571,47.427,17.5
1258,5.25,-81609638640.0,36.799,29.409,15.0
1259,5.25,-86333189340.0,37.313,36.243,15.0
1260,5.19,-86338366400.0,37.374,36.158,15.0
1261,5.41,-86439765390.0,29.882,51.042,10.0
1262,6.6,-89272913970.0,39.1,24.684,15.0
1263,5.17,-90799951540.0,34.576,47.649,15.0
1264,5.25,-91096914800.0,30.475,50.699,15.0
1265,5.12,-92144101640.0,39.28,41.324,10.0
1266,5.28,-92183969960.0,41.02,44.318,10.0
1267,6.1,-93789551990.0,33.989,45.738,35.0
1268,5.42,-94413664300.0,38.263,21.993,15.0
1269,5.33,-94558193540.0,30.662,50.438,19.7
1270,5.14,-96533485540.0,41.084,33.573,15.0
1271,5.13,-99348348890.0,36.144,50.75,15.0
1272,5.47,-105183420820.0,37.459,22.155,17.7
1273,5.57,-106228698390.0,39.14,40.868,10.0
1274,6.23,-106228846030.0,39.438,41.094,25.0
1275,5.14,-106291125540.0,39.127,41.493,10.0
1276,5.25,-106306925380.0,39.309,41.302,10.0
1277,5.42,-106308336580.0,39.024,41.813,10.0
1278,6.8,-106313867280.0,39.235,41.572,24.7
1279,5.1,-108274792250.0,32.694,48.889,15.0
1280,5.28,-108292257800.0,32.662,48.887,13.3
1281,5.49,-115168623170.0,34.425,26.455,25.0
1282,5.31,-115296700980.0,37.765,27.89,15.0
1283,5.11,-115524658960.0,37.775,27.743,15.0
1284,5.19,-116136669780.0,38.113,42.578,10.0
1285,6.0,-116752673570.0,41.703,48.238,20.0
1286,5.43,-120609830700.0,39.174,41.627,15.0
1287,5.42,-121036976900.0,43.077,45.791,15.0
1288,5.12,-122874715420.0,41.028,24.95,15.0
1289,5.27,-126060460100.0,37.745,23.11,15.0
1290,5.9,-129148433090.0,36.096,27.318,77.4
1291,5.36,-136830610550.0,39.43,40.763,15.0
1292,5.96,-137497861750.0,40.459,26.206,15.0
1293,6.08,-141684074920.0,38.384,22.545,20.0
1294,5.23,-143201426350.0,29.671,51.252,18.5
1295,5.21,-143326895990.0,37.757,29.342,15.0
1296,5.89,-143611088270.0,37.718,29.378,25.0
1297,5.18,-145188118640.0,35.333,44.446,15.0
1298,5.16,-146061018920.0,38.233,39.061,15.0
1299,5.47,-147693049810.0,35.626,23.425,60.0
1300,6.05,-149212975150.0,35.036,24.27,55.0
1301,6.1,-149633226330.0,37.505,22.067,20.0
1302,6.8,-150041548870.0,38.365,22.405,75.0
1303,5.45,-151870511980.0,32.857,49.079,15.0
1304,6.04,-151912924390.0,39.197,23.86,15.0
1305,5.81,-152503194840.0,38.399,28.226,10.0
1306,5.28,-154252207440.0,37.684,46.998,15.0
1307,5.18,-161721151020.0,39.454,40.489,15.0
1308,5.39,-161792773740.0,29.736,50.97,15.0
1309,5.17,-161803596720.0,35.477,45.59,15.0
1310,5.55,-162202328920.0,32.73,49.132,20.0
1311,5.19,-162316451730.0,39.824,48.494,40.0
1312,5.51,-162393994000.0,29.544,50.987,15.0
1313,5.37,-162800633000.0,35.61,50.238,15.0
1314,5.31,-164165056300.0,29.651,51.021,10.0
1315,5.27,-164198381060.0,29.599,50.876,15.0
1316,6.8,-165230914620.0,40.203,28.206,27.4
1317,5.49,-165231001800.0,40.178,28.192,15.0
1318,5.17,-167535621020.0,35.082,45.885,10.0
1319,5.15,-168034824730.0,39.662,40.364,15.0
1320,5.38,-169965214220.0,30.849,49.602,15.0
1321,6.2,-172272332330.0,38.092,23.64,152.7
1322,5.15,-174697776780.0,40.772,32.822,10.0
1323,5.16,-175087317470.0,38.006,38.58,15.0
1324,5.8,-175088665230.0,38.205,38.622,10.0
1325,5.12,-175909688580.0,39.156,43.131,20.0
1326,5.18,-179573774380.0,38.203,38.964,15.0
1327,5.21,-180532439540.0,42.518,45.013,15.0
1328,5.44,-185413365260.0,29.999,51.198,15.0
1329,5.45,-186819246370.0,37.408,30.029,15.0
1330,5.4,-188392452430.0,31.506,49.144,15.0
1331,6.14,-198399705160.0,40.698,29.159,30.0
1332,5.33,-200512093280.0,39.019,38.477,35.0
1333,6.4,-203923960030.0,43.198,41.564,30.0
1334,5.97,-213794154480.0,34.438,47.882,20.0
1335,5.77,-214936356620.0,37.943,29.218,30.0
1336,5.73,-218607882490.0,41.013,49.732,45.5
1337,5.55,-227799381240.0,35.701,50.1,20.0
1338,5.58,-230653414790.0,34.587,26.78,25.0
1339,5.42,-231157787290.0,35.576,49.651,15.0
1340,7.0,-231395958520.0,35.656,49.843,15.0
1341,5.44,-236913857600.0,32.238,48.768,15.0
1342,5.6,-242306167710.0,35.978,26.755,65.0
1343,5.81,-242311256940.0,36.021,26.86,65.0
1344,5.96,-250270938900.0,35.191,22.769,25.0
1345,5.63,-250834913900.0,38.503,22.102,25.0
1346,5.56,-261493133870.0,40.958,50.084,53.3
1347,5.9,-261785628200.0,34.929,33.886,30.0
1348,6.4,-271718080960.0,36.693,28.594,35.0
1349,5.4,-279339246820.0,36.657,27.355,35.0
1350,5.58,-298810735620.0,40.606,23.415,15.0
1351,5.49,-312897614480.0,35.19,23.035,35.0
1352,5.26,-313423665320.0,40.104,38.701,25.0
1353,5.76,-317643957320.0,41.327,44.056,15.0
1354,5.2,-318384612660.0,35.946,23.642,25.0
1355,5.52,-319283968150.0,38.817,26.614,20.0
1356,5.44,-321436924180.0,39.177,41.599,15.0
1357,5.4,-325332044410.0,39.287,41.463,15.0
1358,5.33,-327475075680.0,36.998,22.225,15.0
1359,5.26,-327799606050.0,39.786,48.4,35.0
1360,5.01,-327889912790.0,41.096,22.911,20.0
1361,5.31,-328887111770.0,38.656,49.381,35.0
1362,5.45,-329295174370.0,40.78,27.715,15.0
1363,5.12,-332810859150.0,42.263,23.698,15.0
1364,5.42,-333315831930.0,35.484,23.549,35.0
1365,5.51,-335074243370.0,41.897,41.996,15.0
1366,5.2,-335085785490.0,36.625,26.493,15.0
1367,5.35,-335594254380.0,39.848,23.4,15.0
1368,6.1,-335640179610.0,35.113,24.632,35.0
1369,5.24,-335660640720.0,39.904,22.836,25.0
1370,5.44,-336756955810.0,36.484,51.299,35.0
1371,5.45,-337301655870.0,36.969,28.711,15.0
1372,5.9,-337303997210.0,36.957,28.632,15.0
1373,5.25,-337791639220.0,39.636,42.435,15.0
1374,5.24,-339276331960.0,40.527,29.413,15.0
1375,5.36,-339555160730.0,37.321,23.699,15.0
1376,5.22,-346275150680.0,36.688,29.191,15.0
1377,5.28,-346556279570.0,36.601,29.166,15.0
1378,5.47,-348265949490.0,37.748,29.457,20.0
1379,5.26,-351195430880.0,37.792,22.006,65.0
1380,5.41,-357436621310.0,36.447,26.721,25.0
1381,6.7,-359009171740.0,34.29,47.867,15.0
1382,5.66,-359195615860.0,34.429,48.043,15.0
1383,5.8,-359209975520.0,34.225,47.827,15.0
1384,5.74,-361650169060.0,40.67,23.377,15.0
1385,5.31,-361814439500.0,35.36,23.668,15.0
1386,5.15,-362699639220.0,42.637,41.547,15.0
1387,5.34,-364841753410.0,30.092,51.067,20.0
1388,5.3,-365717389200.0,41.359,44.043,10.0
1389,5.17,-365798624860.0,41.277,43.898,10.0
1390,5.65,-367622347950.0,36.512,27.697,35.0
1391,5.59,-367875851530.0,43.071,47.793,15.0
1392,5.53,-367958305550.0,35.644,44.668,15.0
1393,5.27,-369064632820.0,36.673,30.442,35.0
1394,5.54,-370716082490.0,34.902,27.524,15.0
1395,5.63,-377379700950.0,39.476,25.473,15.0
1396,5.47,-378597098940.0,36.257,22.321,35.0
1397,6.48,-380326495240.0,34.388,47.748,15.0
1398,5.58,-381703909290.0,39.249,22.696,15.0
1399,5.46,-381758991370.0,39.289,22.629,15.0
1400,5.35,-381771872380.0,39.258,22.813,15.0
1401,5.35,-383184241380.0,38.364,22.295,30.0
1402,5.84,-384107378110.0,35.238,27.718,15.0
1403,5.67,-384128216500.0,35.205,27.314,15.0
1404,5.33,-384643605480.0,40.043,29.91,15.0
1405,5.43,-386252591280.0,34.402,26.762,15.0
1406,5.39,-387430983810.0,40.826,34.333,15.0
1407,5.52,-394048867210.0,39.067,40.41,15.0
1408,5.26,-397090079660.0,40.715,30.968,15.0
1409,5.22,-397104703140.0,40.757,31.048,15.0
1410,5.47,-397161184140.0,40.773,30.976,15.0
1411,5.38,-397402933070.0,40.799,30.777,15.0
1412,5.83,-397573108560.0,40.701,30.992,15.0
1413,6.02,-397664601640.0,40.62,30.86,15.0
1414,5.58,-397667110620.0,40.641,30.854,15.0
1415,7.09,-397675582050.0,40.73,31.09,25.0
1416,5.61,-398082937000.0,39.271,22.868,15.0
1417,5.95,-400267582600.0,36.273,28.902,25.0
1418,7.3,-400368858840.0,36.405,28.699,35.0
1419,7.1,-400394986130.0,36.493,28.829,35.0
1420,5.53,-402716033960.0,39.232,22.723,15.0
1421,5.98,-404439885300.0,39.209,22.712,15.0
1422,5.55,-404450517090.0,39.169,22.667,15.0
1423,6.4,-404480322890.0,39.233,22.542,10.0
1424,6.46,-404480742500.0,39.323,22.701,10.0
1425,5.61,-408007749100.0,42.52,42.352,10.0
1426,5.67,-411372413820.0,31.522,35.487,15.0
1427,5.58,-413771944400.0,39.275,26.18,15.0
1428,5.55,-415353323720.0,39.267,23.173,15.0
1429,5.44,-419406741560.0,35.516,25.778,15.0
1430,5.77,-420293601160.0,35.664,25.961,15.0
1431,5.67,-423580799390.0,36.0,25.917,15.0
1432,6.09,-423585899820.0,35.777,26.095,15.0
1433,5.63,-423598735380.0,35.558,25.732,15.0
1434,5.37,-424297859720.0,36.617,26.497,15.0
1435,5.65,-425336310760.0,36.691,26.214,15.0
1436,5.25,-425356277150.0,36.227,25.866,15.0
1437,5.5,-425360762710.0,36.831,26.156,15.0
1438,5.47,-425410630010.0,36.622,25.787,15.0
1439,7.7,-425422094850.0,36.664,25.957,20.0
1440,5.5,-426204575600.0,43.471,28.959,15.0
1441,5.31,-427848513060.0,34.242,26.247,15.0
1442,5.46,-429846688200.0,38.991,22.763,15.0
1443,5.48,-432955509690.0,37.465,50.299,15.0
1444,5.66,-434919908520.0,40.932,48.382,15.0
1445,5.5,-435298588770.0,33.687,35.812,15.0
1446,5.32,-435299236730.0,33.776,35.575,15.0
1447,6.23,-437455698900.0,39.891,30.543,15.0
1448,5.75,-438950634570.0,32.991,46.606,15.0
1449,5.71,-441373455030.0,40.418,26.487,15.0
1450,5.56,-444218271030.0,33.408,48.746,15.0
1451,6.23,-451417831040.0,32.418,29.748,63.7
1452,5.62,-452686837420.0,37.327,27.184,15.0
1453,6.57,-456425565500.0,37.617,27.284,15.0
1454,5.53,-456969975160.0,40.746,22.329,15.0
1455,5.59,-460167921440.0,40.274,25.653,15.0
1456,5.47,-463759054160.0,34.375,23.945,15.0
1457,5.91,-463855297220.0,39.353,23.198,15.0
1458,6.16,-463993956200.0,39.366,23.053,15.0
1459,5.61,-464498048600.0,37.215,22.439,25.0
1460,5.58,-472752415830.0,39.107,22.185,15.0
1461,5.55,-473208772760.0,39.176,22.154,15.0
1462,5.13,-473550755060.0,40.543,22.757,15.0
1463,5.62,-478743386880.0,40.306,46.015,15.0
1464,5.35,-484973793390.0,40.986,36.516,15.0
1465,5.3,-486184846360.0,35.9,27.572,25.0
1466,6.0,-486366103680.0,40.029,24.481,15.0
1467,5.72,-492400584520.0,39.21,22.206,15.0
1468,5.66,-494234069820.0,39.131,22.111,15.0
1469,5.82,-494234196260.0,39.218,21.986,15.0
1470,5.38,-494332214170.0,35.34,27.36,25.0
1471,5.55,-494478391930.0,37.735,27.141,15.0
1472,5.42,-494498104430.0,37.851,27.327,15.0
1473,6.66,-494593040690.0,39.228,22.162,10.0
1474,5.7,-495688028990.0,37.886,22.977,20.0
1475,5.39,-509534048640.0,38.799,23.962,15.0
1476,6.32,-514670035880.0,34.741,32.335,20.0
1477,6.13,-514929660370.0,40.956,33.204,10.0
1478,5.92,-515065275230.0,37.891,23.15,15.0
1479,5.62,-518950223690.0,39.123,28.592,10.0
1480,5.48,-521921747290.0,41.767,26.636,35.0
1481,5.17,-522660693720.0,39.431,27.905,15.0
1482,5.67,-523180466600.0,40.321,28.532,35.0
1483,5.51,-525936139540.0,38.457,26.616,15.0
1484,5.51,-525982684190.0,38.321,26.207,15.0
1485,5.28,-526017198760.0,38.339,26.568,15.0
1486,5.36,-526119273800.0,41.13,48.129,15.0
1487,5.42,-528675143570.0,39.7,27.545,10.0
1488,5.45,-529296143720.0,36.855,36.966,15.0
1489,5.35,-529728360820.0,39.812,27.412,20.0
1490,5.43,-529758376190.0,40.223,28.069,20.0
1491,5.49,-529814511250.0,39.821,27.545,20.0
1492,7.3,-529822422260.0,40.175,27.648,10.0
1493,5.55,-533179730350.0,34.727,24.131,15.0
1494,6.5,-537670557620.0,34.474,24.346,25.0
1495,5.66,-542530758140.0,36.841,35.496,15.0
1496,5.5,-542576704000.0,36.394,27.769,15.0
1497,5.48,-543309448060.0,38.965,23.236,15.0
1498,5.34,-545023746450.0,36.392,29.657,15.0
1499,5.24,-547614940710.0,35.143,27.833,15.0
1500,5.35,-552653438020.0,40.526,23.474,15.0
1501,5.2,-554202681460.0,36.624,27.668,15.0
1502,5.24,-554614115350.0,39.073,24.288,15.0
1503,5.3,-560809482230.0,34.86,23.229,15.0
1504,5.77,-561335550950.0,39.561,28.722,35.0
1505,5.42,-561835799830.0,40.811,28.06,15.0
1506,5.21,-565154106960.0,40.261,25.839,15.0
1507,5.74,-567885364930.0,40.029,41.544,20.0
1508,5.44,-569646833280.0,40.008,24.991,15.0
1509,5.75,-573185052120.0,42.143,45.345,15.0
1510,5.09,-575575118840.0,38.89,23.523,15.0
1511,5.43,-576023602810.0,34.41,26.483,15.0
1512,5.46,-577328868780.0,40.112,27.897,15.0
1513,5.43,-578634082180.0,35.534,22.621,15.0
1514,5.58,-578662217920.0,35.691,22.396,15.0
1515,5.3,-579575289980.0,34.778,23.989,35.0
1516,5.42,-580108434910.0,41.1,33.195,15.0
1517,6.96,-580195581190.0,41.289,32.96,25.0
1518,5.63,-585837477680.0,31.824,49.499,15.0
1519,5.82,-591157309790.0,36.516,35.869,15.0
1520,5.88,-597027152340.0,32.373,33.454,15.0
1521,5.38,-597820123480.0,38.964,23.513,15.0
1522,5.23,-599880510750.0,35.526,27.354,15.0
1523,5.36,-602489198880.0,39.732,28.21,15.0
1524,5.46,-608232973400.0,34.683,25.727,45.0
1525,5.28,-609853367610.0,41.323,34.421,15.0
1526,5.44,-620059196090.0,38.039,38.515,15.0
1527,5.27,-620585177670.0,38.464,27.415,15.0
1528,5.59,-634460940490.0,38.429,26.381,15.0
1529,5.26,-640268990430.0,36.814,22.536,10.0
1530,5.28,-642421155780.0,39.174,41.128,15.0
1531,5.51,-642914073970.0,39.218,40.717,15.0
1532,6.78,-642921342050.0,39.503,40.671,15.0
1533,5.42,-644479970780.0,38.898,27.106,35.0
1534,7.16,-645094584520.0,38.718,26.48,15.0
1535,5.36,-646486729330.0,35.915,27.41,15.0
1536,5.32,-648243541030.0,34.328,28.091,15.0
1537,5.51,-651210353560.0,40.93,32.677,15.0
1538,5.5,-652755047890.0,37.915,39.234,15.0
1539,5.5,-659662300290.0,39.825,29.561,15.0
1540,5.84,-661507561120.0,38.561,25.061,15.0
1541,5.73,-666904510290.0,40.315,28.814,15.0
1542,5.62,-669070526650.0,35.38,27.354,15.0
1543,5.68,-669135602590.0,35.609,27.295,15.0
1544,5.79,-669795414150.0,35.222,23.517,15.0
1545,5.49,-671522406770.0,34.374,26.5,15.0
1546,5.38,-674369626540.0,38.39,39.141,15.0
1547,5.34,-675081179060.0,37.836,28.893,15.0
1548,5.5,-676067387140.0,31.338,49.052,15.0
1549,6.43,-676576609930.0,34.756,24.583,15.0
1550,5.93,-678700415220.0,42.001,46.906,15.0
1551,5.24,-683888953630.0,35.998,30.966,15.0
1552,5.81,-686669836960.0,35.02,23.231,15.0
1553,5.45,-686698024300.0,35.492,27.123,15.0
1554,5.48,-688621625930.0,35.091,25.92,15.0
1555,5.45,-690357901890.0,35.471,27.475,15.0
1556,5.63,-690600764870.0,35.845,27.43,15.0
1557,5.64,-690796865080.0,35.36,27.463,15.0
1558,7.3,-690894101570.0,35.64,27.158,15.0
1559,5.22,-695370522410.0,40.825,32.861,15.0
1560,5.84,-696212398480.0,36.511,34.751,15.0
1561,5.59,-697124761620.0,38.188,22.959,15.0
1562,6.27,-704943502470.0,35.343,23.384,15.0
1563,5.71,-706304932550.0,42.733,45.097,15.0
1564,5.99,-712539008970.0,39.699,24.201,15.0
1565,5.69,-716441420710.0,38.841,23.487,15.0
1566,5.64,-716451649820.0,37.365,43.377,15.0
1567,5.73,-717069285650.0,39.594,25.3,35.0
1568,5.31,-718402762050.0,34.112,26.175,15.0
1569,5.44,-718937998020.0,34.814,23.414,15.0
1570,5.41,-732309966240.0,34.223,26.297,15.0
1571,5.67,-732681321080.0,33.898,26.011,15.0
1572,5.75,-737598139310.0,35.666,46.107,15.0
1573,5.76,-737647912290.0,35.824,45.988,15.0
1574,5.54,-739438454640.0,35.598,45.968,15.0
1575,5.48,-740376872800.0,38.514,31.128,15.0
1576,5.78,-740428409040.0,33.879,25.514,15.0
1577,5.93,-744410833920.0,39.23,41.374,15.0
1578,5.51,-748628584740.0,36.315,26.674,15.0
1579,5.63,-749185558110.0,35.269,23.784,15.0
1580,5.78,-752919412240.0,38.209,31.873,15.0
1581,5.42,-755613272650.0,41.24,33.971,15.0
1582,5.71,-760987921410.0,38.534,43.576,15.0
1583,6.13,-763120992800.0,41.407,33.47,15.0
1584,5.36,-775348757850.0,41.189,33.511,15.0
1585,6.06,-782150467700.0,37.244,35.859,15.0
1586,5.75,-783696014570.0,41.373,33.433,15.0
1587,5.63,-787688988860.0,38.426,43.865,15.0
1588,5.5,-796271134750.0,39.181,26.406,15.0
1589,6.74,-796425912370.0,39.509,26.587,15.0
1590,5.45,-796938401050.0,41.045,34.643,15.0
1591,5.42,-800706711730.0,35.171,26.481,25.0
1592,5.44,-801383014530.0,35.009,26.193,15.0
1593,5.77,-802295958900.0,36.855,22.173,15.0
1594,5.67,-803136150630.0,35.745,27.099,65.0
1595,5.99,-803394370840.0,36.024,43.291,15.0
1596,5.55,-805309332250.0,38.841,29.949,15.0
1597,6.07,-805319023340.0,38.901,30.303,10.0
1598,5.82,-807754047750.0,35.983,27.187,65.0
1599,5.65,-812315956100.0,40.798,31.15,15.0
1600,5.71,-817041275440.0,41.315,32.949,15.0
1601,5.67,-817763205270.0,40.549,31.517,15.0
1602,5.71,-817785316320.0,40.73,31.355,15.0
1603,7.6,-817850239170.0,40.66,32.998,30.0
1604,5.7,-820167353390.0,36.28,27.803,15.0
1605,5.79,-823324461640.0,38.54,41.475,15.0
1606,7.5,-823570751440.0,40.867,33.651,20.0
1607,5.84,-824133484120.0,36.559,28.682,15.0
1608,5.74,-827146273230.0,35.994,27.733,15.0
1609,6.44,-837332826610.0,40.5,30.525,15.0
1610,5.39,-843538392660.0,34.341,28.047,15.0
1611,5.61,-844895361570.0,39.278,22.26,15.0
1612,5.46,-851169822130.0,36.566,27.588,15.0
1613,7.0,-853063010940.0,40.907,36.744,10.0
1614,6.0,-853881643530.0,40.941,35.08,15.0
1615,5.98,-854600136070.0,41.166,35.592,15.0
1616,5.81,-855568693030.0,40.754,34.888,15.0
1617,6.17,-856076319150.0,39.364,28.886,15.0
1618,5.84,-857684230630.0,39.052,27.957,15.0
1619,5.96,-862582664670.0,35.178,26.771,25.0
1620,5.43,-864271277140.0,38.812,27.59,15.0
1621,5.52,-868821686260.0,36.034,26.97,15.0
1622,5.86,-869249847110.0,40.729,27.726,10.0
1623,5.78,-869253142400.0,34.449,26.665,15.0
1624,5.56,-870486584920.0,38.699,22.435,15.0
1625,5.77,-870532943910.0,38.552,22.281,15.0
1626,5.55,-870533917140.0,39.053,22.043,15.0
1627,5.47,-880584243820.0,38.672,27.77,15.0
1628,5.67,-880786469830.0,36.288,28.096,15.0
1629,5.96,-885231837050.0,36.81,27.947,15.0
1630,5.35,-887111257800.0,39.191,24.335,15.0
1631,6.04,-887896505210.0,39.782,39.506,15.0
1632,5.57,-892343971580.0,38.986,29.978,15.0
1633,5.97,-893297164650.0,39.196,43.444,15.0
1634,5.62,-894498081670.0,33.057,47.217,15.0
1635,5.88,-898417226840.0,37.698,26.383,15.0
1636,5.44,-900060257670.0,38.932,22.842,15.0
1637,5.36,-900172759940.0,37.912,27.437,15.0
1638,5.7,-901250475900.0,33.087,47.267,15.0
1639,5.39,-902797154360.0,37.08,28.426,15.0
1640,5.57,-902798747730.0,36.962,28.431,15.0
1641,6.02,-902808485150.0,36.956,28.344,15.0
1642,5.48,-903479527610.0,39.195,22.322,15.0
1643,5.62,-903626615730.0,39.339,22.535,15.0
1644,5.96,-905079512830.0,39.646,35.728,15.0
1645,5.25,-910022936030.0,38.918,23.962,15.0
1646,6.24,-910037229910.0,39.414,22.585,15.0
1647,6.03,-913494178140.0,35.221,33.751,15.0
1648,5.6,-914391990080.0,38.006,27.304,15.0
1649,5.73,-921584045310.0,38.594,44.204,15.0
1650,5.21,-923718577220.0,39.02,39.505,15.0
1651,5.4,-927005802810.0,35.799,30.404,15.0
1652,5.69,-927014251130.0,35.956,30.62,15.0
1653,5.4,-928416206570.0,39.696,35.639,15.0
1654,6.21,-928540068720.0,39.833,35.476,15.0
1655,5.43,-930221337420.0,41.443,43.824,15.0
1656,5.35,-930550485090.0,33.217,46.944,15.0
1657,5.2,-930587984590.0,32.898,46.075,15.0
1658,5.5,-933842114940.0,39.04,40.562,15.0
1659,6.02,-935717775440.0,41.9,43.742,15.0
1660,5.5,-937049956940.0,39.311,39.963,15.0
1661,5.8,-937848649430.0,39.531,35.446,15.0
1662,5.44,-940171864940.0,38.009,42.897,15.0
1663,5.36,-941050524510.0,41.911,36.489,15.0
1664,6.18,-941615537090.0,34.86,25.632,15.0
1665,5.1,-943849503300.0,39.804,37.799,15.0
1666,5.17,-944535836840.0,40.492,38.164,15.0
1667,5.84,-946270524830.0,35.373,25.814,15.0
1668,5.51,-946437304610.0,40.415,37.926,15.0
1669,5.58,-946988780390.0,40.028,39.194,15.0
1670,5.86,-947104473740.0,40.469,37.144,15.0
1671,5.59,-947193088240.0,40.073,38.146,15.0
1672,7.8,-947203356180.0,39.907,39.586,20.0
1673,5.65,-949657066690.0,31.991,49.563,15.0
1674,5.93,-950281863730.0,40.052,40.117,15.0
1675,6.02,-951745476700.0,32.587,49.042,15.0
1676,5.62,-953087234160.0,39.723,29.635,15.0
1677,6.49,-955495398360.0,39.204,27.142,35.0
1678,5.93,-956018609800.0,39.694,29.49,15.0
1679,5.31,-959213773060.0,39.796,30.128,15.0
1680,5.71,-959772430200.0,39.855,30.074,15.0
1681,5.38,-959856827130.0,39.745,29.622,15.0
1682,5.22,-959870084260.0,40.804,24.522,15.0
1683,5.2,-960299237960.0,34.809,25.272,15.0
1684,5.44,-960581975700.0,39.794,29.862,15.0
1685,5.14,-960602097860.0,37.093,29.138,15.0
1686,5.65,-976193856480.0,30.437,50.461,15.0
1687,5.5,-978204267190.0,36.734,30.261,15.0
1688,5.24,-979649817250.0,39.466,33.821,15.0
1689,5.18,-982410793970.0,40.225,43.765,15.0
1690,5.23,-982411509570.0,40.462,43.604,15.0
1691,6.05,-987365365370.0,38.03,22.481,10.0
1692,5.43,-988367499930.0,40.971,50.305,35.0
1693,5.27,-990626959770.0,42.124,45.352,15.0
1694,5.2,-991953047370.0,38.07,23.271,15.0
1695,5.48,-992397834090.0,39.174,33.539,15.0
1696,6.1,-992561781590.0,38.154,23.592,15.0
1697,5.17,-994073601370.0,39.385,28.089,15.0
1698,5.31,-996812710420.0,40.925,33.909,15.0
1699,5.43,-996818674980.0,40.861,33.572,15.0
1700,5.36,-997142099480.0,39.433,33.823,15.0
1701,5.36,-998327075450.0,39.853,33.509,15.0
1702,5.38,-998334846750.0,39.563,33.475,15.0
1703,5.97,-998445017240.0,35.039,25.926,15.0
1704,5.08,-999782383850.0,38.808,33.569,15.0
1705,5.52,-1000428525430.0,39.44,33.907,15.0
1706,6.62,-1000472438600.0,39.544,33.911,10.0
1707,5.72,-1006312922980.0,34.802,26.492,15.0
1708,5.71,-1007669992940.0,33.227,45.711,15.0
1709,5.52,-1009717504650.0,35.046,25.428,15.0
1710,5.62,-1011162265300.0,35.904,23.714,55.0
1711,5.17,-1011968942140.0,39.475,39.918,15.0
1712,5.12,-1019252596620.0,41.285,44.35,15.0
1713,5.35,-1024746314450.0,39.951,23.765,15.0
1714,5.27,-1026103225140.0,34.557,32.563,15.0
1715,5.24,-1028536638190.0,36.369,30.942,15.0
1716,5.65,-1029070951290.0,38.615,27.941,15.0
1717,5.45,-1031260997050.0,36.025,30.924,15.0
1718,5.17,-1035694146350.0,38.844,44.917,15.0
1719,5.55,-1041242161770.0,34.075,25.14,15.0
1720,5.67,-1045123785080.0,41.118,33.502,15.0
1721,5.39,-1047290029340.0,35.98,22.498,15.0
1722,5.27,-1050062584260.0,41.131,33.135,15.0
1723,5.43,-1050147168970.0,41.343,33.128,15.0
1724,5.6,-1050149915050.0,41.181,33.355,15.0
1725,5.56,-1051786058220.0,41.892,46.55,15.0
1726,5.32,-1051790563740.0,41.856,46.674,15.0
1727,5.4,-1052264410690.0,34.003,46.504,15.0
1728,5.27,-1053567341660.0,37.171,29.353,15.0
1729,5.35,-1053797295410.0,36.311,29.773,15.0
1730,5.62,-1053978433340.0,34.294,26.351,15.0
1731,5.28,-1054411092540.0,37.464,29.928,15.0
1732,5.18,-1054430342090.0,37.453,30.541,15.0
1733,5.04,-1054445936680.0,37.751,29.73,15.0
1734,5.74,-1058684307330.0,36.543,35.867,15.0
1735,5.43,-1058830040300.0,32.571,22.427,15.0
1736,5.48,-1064518966520.0,41.431,23.301,15.0
1737,5.51,-1068276636950.0,32.689,48.329,15.0
1738,5.55,-1069333355090.0,34.454,23.176,15.0
1739,5.17,-1071047855780.0,35.595,30.429,15.0
1740,5.29,-1078119727100.0,34.57,44.421,15.0
1741,5.35,-1079109019380.0,39.711,27.203,15.0
1742,5.49,-1079843261110.0,39.11,40.582,15.0
1743,5.34,-1084547175630.0,34.741,26.929,15.0
1744,6.05,-1094132115530.0,40.566,43.415,10.0
1745,5.64,-1095998421280.0,42.569,49.066,35.0
1746,6.18,-1099775310480.0,36.046,24.756,70.0
1747,5.54,-1100366390040.0,40.571,23.381,10.0
1748,6.01,-1104219593020.0,40.664,27.555,10.0
1749,6.34,-1104225509190.0,40.62,27.451,15.0
1750,5.41,-1107999219960.0,33.873,26.016,15.0
1751,6.0,-1108831245260.0,38.302,40.934,15.0
1752,5.62,-1109067552310.0,36.229,25.328,15.0
1753,5.87,-1110008648050.0,40.578,48.96,35.0
1754,5.58,-1121404599600.0,38.494,30.637,15.0
1755,5.74,-1131551561280.0,38.29,45.008,15.0
1756,5.63,-1131625363800.0,34.147,22.71,15.0
1757,5.58,-1131664785970.0,34.277,22.456,15.0
1758,5.15,-1136956741470.0,41.197,33.489,15.0
1759,5.56,-1140886361160.0,39.388,43.27,15.0
1760,5.51,-1141976098540.0,42.582,45.589,15.0
1761,5.25,-1144579133240.0,35.222,27.343,15.0
1762,5.3,-1146063820640.0,34.236,24.69,15.0
1763,5.05,-1147887316750.0,37.555,28.98,15.0
1764,5.84,-1150343573890.0,38.073,30.14,15.0
1765,5.38,-1151840442110.0,37.978,23.236,15.0
1766,5.44,-1154553571410.0,38.95,23.354,15.0
1767,5.22,-1154577857920.0,40.235,23.595,10.0
1768,5.43,-1155959907520.0,35.738,26.651,15.0
1769,5.16,-1156019938350.0,41.129,31.382,15.0
1770,6.29,-1156308612170.0,40.565,23.513,10.0
1771,5.26,-1156632375820.0,40.333,23.436,15.0
1772,5.58,-1157419875490.0,35.165,27.103,15.0
1773,6.43,-1157911345030.0,36.759,27.299,15.0
1774,5.75,-1161384023410.0,38.653,25.244,15.0
1775,5.56,-1162773615310.0,34.019,22.513,15.0
1776,5.73,-1172821229810.0,40.625,23.663,10.0
1777,5.68,-1173608600600.0,35.339,27.281,15.0
1778,5.49,-1174597244810.0,38.463,22.651,15.0
1779,5.65,-1174844114240.0,39.084,23.432,15.0
1780,5.5,-1175509422340.0,39.79,23.665,10.0
1781,5.47,-1175622461360.0,36.607,23.068,35.0
1782,6.33,-1175716956250.0,40.704,23.373,10.0
1783,5.87,-1175756869450.0,40.522,23.34,10.0
1784,6.03,-1175913178330.0,40.625,23.684,10.0
1785,6.9,-1175920753780.0,40.311,23.74,10.0
1786,5.47,-1180109732410.0,35.095,26.958,15.0
1787,5.24,-1182861777290.0,37.521,25.535,15.0
1788,5.6,-1183613186610.0,35.583,26.412,15.0
1789,5.44,-1183670991990.0,35.686,26.971,15.0
1790,5.2,-1184759428890.0,39.19,46.047,15.0
1791,5.34,-1186705841690.0,37.505,48.613,15.0
1792,5.31,-1187640901400.0,35.782,28.408,15.0
1793,5.33,-1188205548710.0,35.96,45.094,15.0
1794,5.23,-1189116736460.0,33.581,22.87,15.0
1795,5.3,-1189432932950.0,37.214,25.379,15.0
1796,5.19,-1190393962440.0,41.431,42.567,15.0
1797,5.27,-1192248374930.0,39.238,43.714,15.0
1798,5.47,-1192801315840.0,33.887,47.932,15.0
1799,5.37,-1192810525710.0,40.133,45.58,15.0
1800,5.36,-1197414642270.0,33.821,47.771,15.0
1801,5.45,-1199840389780.0,38.61,44.294,15.0
1802,5.58,-1208849803470.0,38.515,22.871,15.0
1803,5.27,-1208856347440.0,38.907,23.499,15.0
1804,5.47,-1209986951480.0,32.31,49.665,15.0
1805,5.54,-1210947174820.0,39.596,24.26,15.0
1806,5.18,-1212536055380.0,40.065,40.127,10.0
1807,5.58,-1214098535680.0,39.337,25.583,15.0
1808,5.26,-1214794741610.0,38.584,45.49,15.0
1809,5.51,-1219412086530.0,38.508,45.82,15.0
1810,5.06,-1219762440310.0,40.205,46.468,15.0
1811,5.24,-1219894658640.0,38.436,38.955,15.0
1812,6.4,-1220684953740.0,39.333,45.963,15.0
1813,5.24,-1220808914030.0,33.831,27.092,15.0
1814,5.36,-1221276371830.0,35.437,27.534,15.0
1815,6.65,-1225058978620.0,41.385,22.641,10.0
1816,6.16,-1225150992060.0,41.362,22.594,15.0
1817,5.32,-1229760274120.0,37.972,31.619,15.0
1818,5.57,-1229763230130.0,38.033,31.749,15.0
1819,5.73,-1230508753900.0,38.024,23.055,15.0
1820,5.81,-1232630909990.0,39.972,39.152,15.0
1821,5.3,-1236558332680.0,39.032,45.529,15.0
1822,5.4,-1240199644630.0,38.225,22.929,15.0
1823,5.2,-1240309564530.0,37.739,23.586,15.0
1824,5.38,-1240324649620.0,37.912,23.182,15.0
1825,5.26,-1240328487270.0,37.687,22.368,15.0
1826,6.02,-1240399396700.0,37.062,31.342,15.0
1827,5.23,-1243557414920.0,34.934,27.055,15.0
1828,5.37,-1243734840970.0,38.49,44.501,15.0
1829,5.33,-1244520805260.0,34.617,32.48,15.0
1830,5.31,-1248832883610.0,36.974,29.666,15.0
1831,5.61,-1248971511100.0,38.336,45.158,15.0
1832,5.71,-1249454700770.0,38.335,44.664,15.0
1833,5.45,-1249999897560.0,38.033,45.095,15.0
1834,5.11,-1250158133800.0,38.746,45.987,15.0
1835,5.17,-1251080188280.0,38.18,44.703,15.0
1836,5.67,-1251219159620.0,34.526,32.348,15.0
1837,5.04,-1251238604110.0,38.618,46.793,15.0
1838,5.17,-1251246213910.0,38.257,44.975,15.0
1839,6.21,-1251275072230.0,38.46,45.058,15.0
1840,5.33,-1251276858010.0,40.248,45.109,15.0
1841,5.31,-1251279368230.0,39.675,45.214,15.0
1842,5.31,-1251311426480.0,38.587,45.136,15.0
1843,5.27,-1251367925980.0,38.555,45.146,15.0
1844,5.04,-1251383412790.0,38.605,45.144,15.0
1845,7.1,-1251422732650.0,38.108,44.727,15.0
1846,5.47,-1251478593180.0,38.252,44.797,15.0
1847,6.02,-1253073199450.0,37.637,23.103,15.0
1848,5.37,-1253817123730.0,40.403,39.194,15.0
1849,5.46,-1254311493160.0,31.941,43.366,15.0
1850,5.32,-1254331614350.0,33.963,46.278,15.0
1851,6.06,-1254569169290.0,39.363,23.339,15.0
1852,5.53,-1256740893910.0,35.021,24.82,35.0
1853,5.39,-1256744303120.0,34.505,26.236,15.0
1854,6.01,-1257658844430.0,39.58,22.796,15.0
1855,6.06,-1258435307770.0,36.152,24.808,70.0
1856,5.28,-1259001593920.0,37.757,39.012,15.0
1857,5.4,-1261008110770.0,35.472,27.6,15.0
1858,5.38,-1267946224340.0,32.204,48.201,15.0
1859,5.53,-1271587793320.0,39.697,39.029,15.0
1860,5.06,-1273790137240.0,41.4,35.695,15.0
1861,5.18,-1274931441810.0,35.352,44.947,15.0
1862,5.12,-1275231365200.0,35.9,30.664,15.0
1863,5.2,-1276834567720.0,34.964,51.195,15.0
1864,6.15,-1276964147310.0,32.214,49.7,15.0
1865,6.28,-1281979324450.0,40.266,38.096,15.0
1866,5.24,-1282171047050.0,35.494,35.377,15.0
1867,5.26,-1284669906890.0,34.978,27.669,15.0
1868,5.24,-1285633294970.0,41.45,30.819,15.0
1869,5.56,-1290321586270.0,43.431,44.358,15.0
1870,5.46,-1291898733440.0,34.7,24.638,35.0
1871,5.48,-1301489151560.0,40.072,33.496,15.0
1872,5.34,-1301612575070.0,40.497,33.456,15.0
1873,5.31,-1305135833230.0,37.402,35.62,15.0
1874,5.12,-1305806048630.0,35.141,26.034,15.0
1875,5.79,-1308493586240.0,37.997,27.207,15.0
1876,5.13,-1311146312040.0,35.076,26.149,15.0
1877,5.1,-1314244694230.0,40.91,43.049,15.0
1878,6.23,-1314842727560.0,39.627,29.121,15.0
1879,5.55,-1315145442790.0,37.836,23.059,15.0
1880,5.62,-1315202452960.0,42.063,24.852,15.0
1881,5.84,-1315492443870.0,42.064,25.794,15.0
1882,5.41,-1315524516200.0,38.012,23.296,15.0
1883,6.3,-1315712765830.0,37.811,23.033,15.0
1884,5.41,-1315713634240.0,38.271,23.059,15.0
1885,5.11,-1315928636760.0,43.026,46.002,35.0
1886,5.22,-1315963181600.0,42.121,25.627,15.0
1887,5.12,-1316040601230.0,42.332,25.314,15.0
1888,5.75,-1316047505310.0,42.439,25.299,15.0
1889,7.1,-1316061423100.0,42.351,25.044,10.0
1890,5.58,-1316439373070.0,42.353,25.599,15.0
1891,7.1,-1316444399980.0,42.351,25.641,10.0
1892,5.35,-1317667646150.0,38.68,27.009,15.0
1893,6.39,-1317684609130.0,38.274,27.511,10.0
1894,5.42,-1318251993150.0,37.914,48.546,20.0
1895,5.44,-1323447821080.0,41.987,31.055,15.0
1896,5.39,-1323646893650.0,39.171,23.06,15.0
1897,5.88,-1329729245960.0,32.755,46.947,15.0
1898,5.15,-1334982554310.0,35.351,26.615,15.0
1899,6.13,-1340448950450.0,32.004,35.636,15.0
1900,6.32,-1341330061380.0,36.488,22.715,35.0
1901,5.82,-1343576105850.0,35.948,31.018,15.0
1902,5.07,-1345433440300.0,42.049,45.74,15.0
1903,5.67,-1349860396500.0,34.793,26.258,15.0
1904,5.42,-1353779725770.0,37.988,31.232,15.0
1905,5.27,-1357666391970.0,42.578,44.821,15.0
1906,5.8,-1358316353130.0,40.679,31.031,15.0
1907,5.01,-1363008518920.0,41.082,43.462,15.0
1908,5.87,-1363060821160.0,40.942,43.771,15.0
1909,5.47,-1363072538160.0,40.849,43.198,15.0
1910,5.36,-1367287200760.0,41.748,26.066,15.0
1911,6.27,-1367670114480.0,36.734,23.016,50.0
1912,5.15,-1372237238480.0,39.735,44.579,15.0
1913,5.24,-1373233597430.0,36.261,27.096,15.0
1914,6.97,-1373256805940.0,36.794,26.935,15.0
1915,5.36,-1374641034210.0,38.052,22.276,15.0
1916,5.31,-1378918101640.0,35.43,28.747,15.0
1917,5.27,-1380629036140.0,34.282,46.022,15.0
1918,5.73,-1381424127390.0,35.842,29.521,15.0
1919,5.34,-1381528874130.0,36.232,29.79,15.0
1920,5.45,-1381629316090.0,37.318,29.562,15.0
1921,5.53,-1381879892190.0,35.961,29.458,15.0
1922,5.6,-1381903630350.0,36.16,29.639,15.0
1923,6.75,-1381917224620.0,36.065,29.596,15.0
1924,5.92,-1383364680240.0,37.099,29.189,15.0
1925,5.73,-1387468276070.0,38.535,28.4,15.0
1926,5.84,-1387491182780.0,38.397,28.457,15.0
1927,5.83,-1389722792610.0,28.458,51.213,15.0
1928,5.35,-1396036117840.0,37.075,22.69,15.0
1929,5.75,-1399045424490.0,38.019,30.504,15.0
1930,5.55,-1400382053420.0,36.759,29.255,15.0
1931,5.97,-1401210795490.0,37.618,29.781,15.0
1932,5.26,-1405036762270.0,41.341,30.453,15.0
1933,5.47,-1411062311630.0,37.09,29.251,15.0
1934,5.34,-1411273983550.0,38.961,23.681,15.0
1935,5.73,-1411937718840.0,36.825,28.661,15.0
1936,5.41,-1413534483550.0,38.871,25.598,15.0
1937,5.81,-1419315687310.0,41.518,43.15,15.0
1938,5.55,-1420786503490.0,41.183,24.58,15.0
1939,6.1,-1423625535950.0,38.364,30.892,15.0
1940,5.8,-1424703292860.0,35.647,47.477,15.0
1941,5.63,-1428348733600.0,39.88,41.472,15.0
1942,6.86,-1429521943370.0,39.938,41.876,15.0
1943,5.7,-1429790432020.0,36.234,32.4,15.0
1944,5.56,-1440194843820.0,40.013,42.785,15.0
1945,6.01,-1447434003810.0,39.205,48.741,35.0
1946,6.11,-1447484161320.0,34.588,34.123,15.0
1947,5.62,-1447685929870.0,39.787,25.599,15.0
1948,6.39,-1453950190210.0,39.82,23.594,10.0
1949,5.62,-1463602080350.0,41.071,34.12,15.0
1950,5.44,-1463724536080.0,39.294,24.324,15.0
1951,5.75,-1464882212890.0,34.844,25.206,15.0
1952,5.5,-1469849214090.0,34.709,23.195,15.0
1953,5.88,-1472999118130.0,39.934,36.367,15.0
1954,5.71,-1477282262140.0,34.966,27.004,15.0
1955,5.76,-1494015837950.0,36.757,33.179,15.0
1956,5.93,-1495365232850.0,35.354,27.415,15.0
1957,6.72,-1495410605050.0,35.331,27.515,15.0
1958,6.37,-1495554018620.0,34.988,27.158,20.0
1959,5.88,-1495829439980.0,38.257,23.589,15.0
1960,5.62,-1497252788100.0,34.727,22.743,15.0
1961,5.24,-1500971015930.0,43.17,21.987,15.0
1962,5.92,-1501356528440.0,34.995,23.001,15.0
1963,5.66,-1508999160860.0,34.42,23.739,15.0
1964,5.67,-1509527417670.0,43.281,43.98,15.0
1965,6.01,-1523111635330.0,38.956,33.046,15.0
1966,5.94,-1527155370340.0,41.706,22.782,15.0
1967,5.92,-1530793320780.0,43.095,44.279,15.0
1968,5.51,-1536825332310.0,35.2,32.997,15.0
1969,5.54,-1544012975150.0,36.85,27.992,15.0
1970,5.84,-1554453735750.0,38.122,27.611,15.0
1971,5.57,-1560418245370.0,33.812,26.084,15.0
1972,5.47,-1567445119980.0,34.837,27.468,15.0
1973,5.56,-1569918338700.0,36.355,26.732,15.0
1974,6.31,-1573560919320.0,41.288,45.632,15.0
1975,5.97,-1573603091260.0,41.926,45.617,15.0
1976,5.71,-1577188865680.0,42.074,29.509,15.0
1977,7.0,-1581645919000.0,39.176,27.652,10.0
1978,6.03,-1583736592770.0,36.512,25.872,15.0
1979,5.62,-1589246638850.0,40.61,22.739,10.0
1980,5.73,-1589514116970.0,40.437,37.181,15.0
1981,5.48,-1592326743570.0,33.513,27.729,15.0
1982,5.93,-1595664767710.0,41.164,34.098,15.0
1983,6.12,-1595695567960.0,41.17,32.979,15.0
1984,5.71,-1596806732870.0,37.378,35.801,15.0
1985,5.57,-1613655998790.0,38.265,27.926,15.0
1986,5.75,-1617467552730.0,34.433,28.609,15.0
1987,6.38,-1617537164650.0,35.075,35.462,15.0
1988,5.32,-1619522849530.0,34.931,23.773,35.0
1989,5.78,-1620235214530.0,41.082,34.76,15.0
1990,5.75,-1621984858040.0,41.168,34.728,15.0
1991,5.93,-1623988580950.0,36.594,27.036,15.0
1992,5.63,-1625056462430.0,37.583,29.18,15.0
1993,5.57,-1625317071880.0,35.197,26.364,35.0
1994,5.74,-1631137022210.0,38.118,44.001,15.0
1995,5.73,-1634465689110.0,35.254,27.318,15.0
1996,5.75,-1637580680240.0,39.227,23.779,15.0
1997,5.55,-1639639645500.0,38.614,30.855,15.0
1998,5.98,-1639673200270.0,38.246,30.486,15.0
1999,5.82,-1652489877600.0,40.213,25.977,15.0
2000,5.45,-1654847202280.0,34.869,45.779,15.0
2001,5.48,-1655606270640.0,32.68,48.017,15.0
2002,5.86,-1655618474400.0,32.463,47.765,15.0
2003,5.27,-1658403843140.0,35.508,26.428,15.0
2004,5.47,-1659396715980.0,36.874,49.554,15.0
2005,5.38,-1664446822610.0,42.479,30.84,15.0
2006,5.63,-1665901250970.0,40.866,36.438,15.0
2007,5.2,-1671412164170.0,38.945,23.053,15.0
2008,5.91,-1680771459510.0,38.966,22.839,15.0
2009,5.86,-1700990419550.0,39.002,23.319,15.0
2010,7.0,-1702141486420.0,40.201,37.312,15.0
2011,5.48,-1704736430190.0,36.428,36.166,15.0
2012,5.41,-1720633353310.0,34.338,24.796,15.0
2013,5.69,-1720636765830.0,34.541,25.028,15.0
2014,5.71,-1723749089070.0,38.4,39.674,15.0
2015,5.62,-1734547816610.0,42.881,45.458,15.0
2016,5.74,-1742217472230.0,38.257,23.816,15.0
2017,6.23,-1742233048680.0,38.241,23.685,15.0
2018,5.5,-1742739284740.0,38.79,30.83,15.0
2019,5.39,-1743322220970.0,37.484,29.813,15.0
2020,7.06,-1743385973490.0,37.666,30.125,15.0
2021,5.79,-1754483551400.0,39.696,35.988,15.0
2022,5.82,-1775233572380.0,34.625,24.207,15.0
2023,6.69,-1784557591570.0,43.152,25.759,15.0
2024,5.75,-1789332378920.0,41.915,45.123,15.0
2025,5.72,-1796444481150.0,38.822,42.387,15.0
2026,5.79,-1805688672530.0,41.008,44.349,15.0
2027,6.72,-1808180913670.0,40.685,27.2,15.0
2028,5.58,-1811136582060.0,40.969,27.703,10.0
2029,6.23,-1811169371820.0,40.396,27.402,10.0
2030,5.35,-1811198551340.0,43.944,45.852,15.0
2031,7.23,-1811284257940.0,40.73,27.121,15.0
2032,5.62,-1851563852110.0,36.803,27.683,15.0
2033,6.07,-1853828171020.0,36.525,25.738,15.0
2034,5.56,-1873352910340.0,34.902,25.717,15.0
2035,6.51,-1878266353590.0,40.805,34.629,15.0
2036,5.38,-1888848463920.0,41.878,23.026,10.0
2037,5.85,-1889290247310.0,35.809,23.992,60.0
2038,5.89,-1898927765650.0,39.007,31.796,15.0
2039,5.77,-1910651370840.0,39.013,22.801,15.0
2040,6.09,-1921069588970.0,42.221,26.685,15.0
2041,6.31,-1921581354980.0,40.406,38.098,15.0
2042,7.3,-1923081090900.0,34.306,50.396,15.0
2043,6.0,-1923419000340.0,38.826,26.579,15.0
2044,5.53,-1941523080960.0,36.911,25.852,15.0
2045,5.52,-1941527908590.0,36.768,24.697,15.0
2046,5.45,-1941529546480.0,36.656,24.224,15.0
2047,6.06,-1944732549220.0,34.987,23.884,35.0
2048,5.47,-1967372355800.0,42.532,42.047,15.0
2049,5.51,-1968086922420.0,42.775,48.965,15.0
2050,5.27,-1968407056890.0,41.412,22.334,10.0
2051,5.18,-1968788391980.0,42.374,22.003,10.0
2052,5.3,-1974906888630.0,38.094,41.878,15.0
2053,5.42,-1979562144760.0,38.521,46.387,15.0
2054,5.41,-1980409512690.0,36.433,43.71,15.0
2055,5.77,-1985352911640.0,34.161,22.23,15.0
2056,5.54,-1994399470100.0,41.128,45.543,15.0
2057,5.34,-2005253202080.0,34.554,24.662,15.0
2058,5.56,-2022061192040.0,37.216,38.83,15.0
2059,6.8,-2022080069450.0,38.153,38.645,10.0
2060,5.45,-2023486800000.0,40.932,22.241,15.0
2061,5.28,-2024196831290.0,40.037,24.078,15.0
2062,7.24,-2024272428160.0,40.092,24.627,15.0
2063,5.78,-2025806728290.0,40.761,28.183,15.0
2064,6.37,-2025867512770.0,43.096,41.664,15.0
2065,6.12,-2027003542770.0,42.461,23.143,15.0
2066,5.62,-2039172829750.0,40.162,39.397,15.0
2067,6.51,-2049571651170.0,39.156,23.085,15.0
2068,7.02,-2074685639120.0,41.758,23.249,15.0
2069,6.84,-2074687045440.0,41.802,23.108,15.0
